Date,Basin,VMAX12,MSLP12,POT12,VMPI12,VGRAD0-6,VGRAD6-12,VMAX36,ONI,logVMAX12,logMSLP12,logPOT12,logVMAX36,logVMPI12
1982-06-01,AL,30.0,1003.0,87.0,117.0,0.8333333333333334,0.8333333333333334,75.0,0.72,3.4011973816621555,6.910750787961936,4.465908118654584,4.31748811353631,4.762173934797756
1985-07-01,AL,30.0,1011.0,89.0,119.0,0.0,0.0,40.0,-0.49,3.4011973816621555,6.918695219020472,4.48863636973214,3.6888794541139363,4.77912349311153
1986-06-01,AL,30.0,1005.0,72.0,102.0,0.0,0.0,45.0,-0.04,3.4011973816621555,6.912742820493176,4.276666119016055,3.8066624897703196,4.624972813284271
1988-08-01,AL,20.0,1013.0,106.0,126.0,0.0,0.0,30.0,-1.11,2.995732273553991,6.920671504248683,4.663439094112067,3.4011973816621555,4.836281906951478
1991-07-01,AL,25.0,1010.0,85.0,110.0,0.0,0.0,45.0,0.73,3.2188758248682006,6.917705609835305,4.442651256490317,3.8066624897703196,4.700480365792417
1992-04-01,AL,30.0,1003.0,59.0,89.0,0.0,0.8333333333333334,45.0,1.29,3.4011973816621555,6.910750787961936,4.07753744390572,3.8066624897703196,4.48863636973214
1993-05-01,AL,25.0,1000.0,81.0,106.0,0.0,0.0,30.0,0.7,3.2188758248682006,6.907755278982137,4.394449154672439,3.4011973816621555,4.663439094112067
1994-06-01,AL,30.0,1008.0,116.0,146.0,0.0,0.8333333333333334,30.0,0.41,3.4011973816621555,6.915723448631314,4.7535901911063645,3.4011973816621555,4.983606621708336
1995-06-01,AL,35.0,1003.0,109.0,144.0,0.0,0.8333333333333334,65.0,-0.03,3.5553480614894135,6.910750787961936,4.6913478822291435,4.174387269895637,4.969813299576001
1996-06-01,AL,25.0,1009.0,101.0,126.0,0.0,0.0,35.0,-0.3,3.2188758248682006,6.9167150203536085,4.61512051684126,3.5553480614894135,4.836281906951478
1998-07-01,AL,25.0,1009.0,102.0,127.0,0.0,0.0,35.0,-0.78,3.2188758248682006,6.9167150203536085,4.624972813284271,3.5553480614894135,4.844187086458591
1999-06-01,AL,30.0,1010.0,61.0,91.0,0.0,0.0,50.0,-1.04,3.4011973816621555,6.917705609835305,4.110873864173311,3.912023005428146,4.51085950651685
2001-06-01,AL,50.0,1002.0,46.0,91.0,1.6666666666666667,-0.8333333333333334,30.0,-0.12,3.912023005428146,6.90975328164481,3.828641396489095,3.4011973816621555,4.51085950651685
2002-07-01,AL,35.0,1006.0,64.0,99.0,0.0,0.8333333333333334,50.0,0.79,3.5553480614894135,6.913737350659685,4.1588830833596715,3.912023005428146,4.59511985013459
2003-04-01,AL,45.0,998.0,8.0,53.0,0.8333333333333334,0.0,50.0,-0.04,3.8066624897703196,6.905753276311464,2.0794415416798357,3.912023005428146,3.970291913552122
2004-07-01,AL,25.0,1009.0,103.0,128.0,0.0,0.0,40.0,0.47,3.2188758248682006,6.9167150203536085,4.634728988229636,3.6888794541139363,4.852030263919617
2005-06-01,AL,35.0,1003.0,106.0,141.0,0.8333333333333334,0.8333333333333334,45.0,0.11,3.5553480614894135,6.910750787961936,4.663439094112067,3.8066624897703196,4.948759890378168
2006-06-01,AL,30.0,1003.0,110.0,140.0,0.8333333333333334,0.0,40.0,-0.03,3.4011973816621555,6.910750787961936,4.700480365792417,3.6888794541139363,4.941642422609304
2007-05-01,AL,50.0,1001.0,35.0,75.0,-0.8333333333333334,-0.8333333333333334,40.0,-0.38,3.912023005428146,6.90875477931522,3.5553480614894135,3.6888794541139363,4.31748811353631
2008-05-01,AL,40.0,1004.0,107.0,142.0,0.8333333333333334,-0.8333333333333334,35.0,-0.84,3.6888794541139363,6.911747300251674,4.672828834461906,3.5553480614894135,4.955827057601261
2009-05-01,AL,30.0,1006.0,17.0,47.0,0.0,0.8333333333333334,30.0,0.01,3.4011973816621555,6.913737350659685,2.833213344056216,3.4011973816621555,3.8501476017100584
2010-06-01,AL,40.0,1004.0,103.0,143.0,0.0,1.6666666666666667,55.0,-0.66,3.6888794541139363,6.911747300251674,4.634728988229636,4.007333185232471,4.962844630259907
2011-06-01,AL,35.0,1003.0,103.0,138.0,0.0,0.0,55.0,-0.37,3.5553480614894135,6.910750787961936,4.634728988229636,4.007333185232471,4.927253685157205
2012-05-01,AL,45.0,997.0,56.0,101.0,1.6666666666666667,0.8333333333333334,50.0,-0.17,3.8066624897703196,6.904750769961838,4.02535169073515,3.912023005428146,4.61512051684126
2013-06-01,AL,50.0,999.0,52.0,102.0,0.8333333333333334,1.6666666666666667,55.0,-0.34,3.912023005428146,6.906754778648554,3.9512437185814275,4.007333185232471,4.624972813284271
2014-07-01,AL,35.0,1005.0,98.0,133.0,0.0,0.8333333333333334,55.0,0.1,3.5553480614894135,6.912742820493176,4.584967478670572,4.007333185232471,4.890349128221754
2015-05-01,AL,40.0,1000.0,59.0,99.0,0.0,0.0,50.0,1.02,3.6888794541139363,6.907755278982137,4.07753744390572,3.912023005428146,4.59511985013459
2016-01-01,AL,50.0,988.0,41.0,86.0,0.0,-0.8333333333333334,65.0,2.63,3.912023005428146,6.895682697747868,3.713572066704308,4.174387269895637,4.454347296253507
2017-04-01,AL,30.0,996.0,50.0,80.0,0.0,0.0,35.0,0.31,3.4011973816621555,6.903747257584598,3.912023005428146,3.5553480614894135,4.382026634673881
2018-05-01,AL,30.0,1006.0,109.0,139.0,0.0,0.0,35.0,-0.13,3.4011973816621555,6.913737350659685,4.6913478822291435,3.5553480614894135,4.9344739331306915
2020-05-01,AL,35.0,1004.0,58.0,93.0,0.8333333333333334,0.0,40.0,0.01,3.5553480614894135,6.911747300251674,4.060443010546419,3.6888794541139363,4.532599493153256
1985-07-01,AL,25.0,1011.0,127.0,152.0,0.0,0.0,35.0,-0.49,3.2188758248682006,6.918695219020472,4.844187086458591,3.5553480614894135,5.0238805208462765
1986-06-01,AL,25.0,1013.0,123.0,148.0,0.0,0.0,50.0,-0.04,3.2188758248682006,6.920671504248683,4.812184355372417,3.912023005428146,4.997212273764115
1987-08-01,AL,25.0,1008.0,115.0,140.0,0.0,0.0,40.0,1.7,3.2188758248682006,6.915723448631314,4.74493212836325,3.6888794541139363,4.941642422609304
1988-08-01,AL,35.0,1007.0,111.0,146.0,0.8333333333333334,0.8333333333333334,45.0,-1.11,3.5553480614894135,6.914730892718563,4.709530201312334,3.8066624897703196,4.983606621708336
1989-06-01,AL,30.0,1005.0,94.0,124.0,0.0,0.0,35.0,-0.4,3.4011973816621555,6.912742820493176,4.543294782270004,3.5553480614894135,4.820281565605037
1990-07-01,AL,25.0,1010.0,122.0,147.0,0.0,0.0,25.0,0.33,3.2188758248682006,6.917705609835305,4.804021044733257,3.2188758248682006,4.990432586778736
1993-06-01,AL,25.0,1005.0,112.0,137.0,0.0,0.0,35.0,0.57,3.2188758248682006,6.912742820493176,4.718498871295094,3.5553480614894135,4.919980925828125
1995-07-01,AL,20.0,1018.0,78.0,98.0,0.0,0.0,30.0,-0.24,2.995732273553991,6.925595197110468,4.356708826689592,3.4011973816621555,4.584967478670572
1996-07-01,AL,35.0,1007.0,79.0,114.0,0.0,0.8333333333333334,40.0,-0.27,3.5553480614894135,6.914730892718563,4.3694478524670215,3.6888794541139363,4.736198448394496
1997-06-01,AL,30.0,1009.0,103.0,133.0,0.0,0.0,40.0,1.22,3.4011973816621555,6.9167150203536085,4.634728988229636,3.6888794541139363,4.890349128221754
1998-08-01,AL,30.0,1009.0,106.0,136.0,0.8333333333333334,0.0,40.0,-1.12,3.4011973816621555,6.9167150203536085,4.663439094112067,3.6888794541139363,4.912654885736052
2000-06-01,AL,30.0,1009.0,90.0,120.0,0.8333333333333334,0.0,30.0,-0.64,3.4011973816621555,6.9167150203536085,4.499809670330265,3.4011973816621555,4.787491742782046
2002-08-01,AL,35.0,1008.0,119.0,154.0,1.6666666666666667,0.0,25.0,0.86,3.5553480614894135,6.915723448631314,4.77912349311153,3.2188758248682006,5.0369526024136295
2004-08-01,AL,30.0,1010.0,103.0,133.0,0.0,0.8333333333333334,45.0,0.64,3.4011973816621555,6.917705609835305,4.634728988229636,3.8066624897703196,4.890349128221754
2008-07-01,AL,35.0,1006.0,32.0,67.0,0.8333333333333334,0.0,45.0,-0.37,3.5553480614894135,6.913737350659685,3.4657359027997265,3.8066624897703196,4.204692619390966
2009-08-01,AL,25.0,1006.0,86.0,111.0,0.0,0.0,35.0,0.58,3.2188758248682006,6.913737350659685,4.454347296253507,3.5553480614894135,4.709530201312334
2011-07-01,AL,40.0,1001.0,100.0,140.0,0.8333333333333334,0.8333333333333334,60.0,-0.43,3.6888794541139363,6.90875477931522,4.605170185988092,4.0943445622221,4.941642422609304
2012-05-01,AL,40.0,1000.0,46.0,86.0,0.0,0.0,50.0,-0.17,3.6888794541139363,6.907755278982137,3.828641396489095,3.912023005428146,4.454347296253507
2013-06-01,AL,30.0,1007.0,104.0,134.0,0.0,0.0,30.0,-0.34,3.4011973816621555,6.914730892718563,4.6443908991413725,3.4011973816621555,4.897839799950911
2014-07-01,AL,30.0,1012.0,60.0,90.0,0.0,0.0,30.0,0.1,3.4011973816621555,6.919683849847411,4.0943445622221,3.4011973816621555,4.499809670330265
2015-06-01,AL,50.0,997.0,98.0,148.0,0.0,0.8333333333333334,50.0,1.25,3.912023005428146,6.904750769961838,4.584967478670572,3.912023005428146,4.997212273764115
2016-05-01,AL,30.0,1009.0,76.0,106.0,0.0,0.0,40.0,0.49,3.4011973816621555,6.9167150203536085,4.330733340286331,3.6888794541139363,4.663439094112067
2018-07-01,AL,35.0,1007.0,53.0,88.0,0.0,0.8333333333333334,55.0,0.14,3.5553480614894135,6.914730892718563,3.970291913552122,4.007333185232471,4.477336814478207
2019-07-01,AL,35.0,1005.0,122.0,157.0,0.8333333333333334,0.0,50.0,0.33,3.5553480614894135,6.912742820493176,4.804021044733257,3.912023005428146,5.056245805348308
2021-06-01,AL,35.0,1003.0,52.0,87.0,0.8333333333333334,0.8333333333333334,55.0,-0.3,3.5553480614894135,6.910750787961936,3.9512437185814275,4.007333185232471,4.465908118654584
2022-07-01,AL,40.0,1004.0,109.0,149.0,0.0,0.8333333333333334,50.0,-0.76,3.6888794541139363,6.911747300251674,4.6913478822291435,3.912023005428146,5.003946305945459
1982-08-01,AL,35.0,1005.0,67.0,102.0,0.8333333333333334,0.0,50.0,1.07,3.5553480614894135,6.912742820493176,4.204692619390966,3.912023005428146,4.624972813284271
1983-08-01,AL,45.0,1005.0,104.0,149.0,1.6666666666666667,0.8333333333333334,65.0,-0.08,3.8066624897703196,6.912742820493176,4.6443908991413725,4.174387269895637,5.003946305945459
1985-08-01,AL,25.0,1011.0,107.0,132.0,0.0,0.0,35.0,-0.46,3.2188758248682006,6.918695219020472,4.672828834461906,3.5553480614894135,4.882801922586371
1988-08-01,AL,25.0,1009.0,92.0,117.0,0.0,0.0,30.0,-1.11,3.2188758248682006,6.9167150203536085,4.5217885770490405,3.4011973816621555,4.762173934797756
1989-07-01,AL,25.0,1014.0,75.0,100.0,0.0,0.0,40.0,-0.31,3.2188758248682006,6.921658184151129,4.31748811353631,3.6888794541139363,4.605170185988092
1990-07-01,AL,20.0,1012.0,88.0,108.0,0.0,0.0,25.0,0.33,2.995732273553991,6.919683849847411,4.477336814478207,3.2188758248682006,4.68213122712422
1991-08-01,AL,30.0,1010.0,110.0,140.0,0.0,0.8333333333333334,55.0,0.64,3.4011973816621555,6.917705609835305,4.700480365792417,4.007333185232471,4.941642422609304
1992-07-01,AL,30.0,1016.0,101.0,131.0,0.8333333333333334,0.0,30.0,0.37,3.4011973816621555,6.923628628138427,4.61512051684126,3.4011973816621555,4.875197323201151
1993-08-01,AL,35.0,1008.0,99.0,134.0,0.0,0.8333333333333334,45.0,0.25,3.5553480614894135,6.915723448631314,4.59511985013459,3.8066624897703196,4.897839799950911
1994-08-01,AL,25.0,1009.0,107.0,132.0,0.8333333333333334,0.0,50.0,0.43,3.2188758248682006,6.9167150203536085,4.672828834461906,3.912023005428146,4.882801922586371
1995-07-01,AL,25.0,1012.0,119.0,144.0,0.0,0.0,30.0,-0.24,3.2188758248682006,6.919683849847411,4.77912349311153,3.4011973816621555,4.969813299576001
1996-07-01,AL,30.0,1007.0,103.0,133.0,0.0,0.8333333333333334,40.0,-0.27,3.4011973816621555,6.914730892718563,4.634728988229636,3.6888794541139363,4.890349128221754
1997-07-01,AL,45.0,1010.0,21.0,66.0,1.6666666666666667,0.8333333333333334,65.0,1.6,3.8066624897703196,6.917705609835305,3.044522437723423,4.174387269895637,4.189654742026425
1998-08-01,AL,40.0,1008.0,119.0,159.0,0.8333333333333334,1.6666666666666667,60.0,-1.12,3.6888794541139363,6.915723448631314,4.77912349311153,4.0943445622221,5.0689042022202315
1999-08-01,AL,30.0,1008.0,113.0,143.0,0.0,0.0,45.0,-1.11,3.4011973816621555,6.915723448631314,4.727387818712341,3.8066624897703196,4.962844630259907
2000-08-01,AL,35.0,1004.0,80.0,115.0,0.8333333333333334,0.8333333333333334,45.0,-0.51,3.5553480614894135,6.911747300251674,4.382026634673881,3.8066624897703196,4.74493212836325
2001-08-01,AL,45.0,1007.0,95.0,135.0,2.5,-0.8333333333333334,35.0,-0.13,3.8066624897703196,6.914730892718563,4.553876891600541,3.5553480614894135,4.90527477843843
2002-08-01,AL,30.0,1004.0,115.0,145.0,0.0,0.0,40.0,0.86,3.4011973816621555,6.911747300251674,4.74493212836325,3.6888794541139363,4.976733742420574
2003-06-01,AL,40.0,1007.0,104.0,144.0,0.8333333333333334,0.8333333333333334,50.0,-0.16,3.6888794541139363,6.914730892718563,4.6443908991413725,3.912023005428146,4.969813299576001
2004-08-01,AL,30.0,1009.0,99.0,129.0,0.0,0.0,55.0,0.64,3.4011973816621555,6.9167150203536085,4.59511985013459,4.007333185232471,4.859812404361672
2005-07-01,AL,30.0,1007.0,92.0,122.0,0.0,0.0,35.0,-0.06,3.4011973816621555,6.914730892718563,4.5217885770490405,3.5553480614894135,4.804021044733257
2006-07-01,AL,35.0,1006.0,72.0,107.0,0.8333333333333334,0.0,50.0,0.1,3.5553480614894135,6.913737350659685,4.276666119016055,3.912023005428146,4.672828834461906
2008-07-01,AL,35.0,1007.0,76.0,111.0,0.0,1.6666666666666667,45.0,-0.37,3.5553480614894135,6.914730892718563,4.330733340286331,3.8066624897703196,4.709530201312334
2009-08-01,AL,35.0,1004.0,93.0,128.0,0.0,0.8333333333333334,55.0,0.58,3.5553480614894135,6.911747300251674,4.532599493153256,4.007333185232471,4.852030263919617
2010-07-01,AL,30.0,1007.0,113.0,143.0,0.0,0.0,40.0,-1.05,3.4011973816621555,6.914730892718563,4.727387818712341,3.6888794541139363,4.962844630259907
2011-07-01,AL,40.0,1006.0,65.0,105.0,0.8333333333333334,0.8333333333333334,60.0,-0.43,3.6888794541139363,6.913737350659685,4.174387269895637,4.0943445622221,4.653960350157523
2012-06-01,AL,40.0,1003.0,36.0,76.0,0.0,0.0,40.0,0.06,3.6888794541139363,6.910750787961936,3.58351893845611,3.6888794541139363,4.330733340286331
2013-07-01,AL,35.0,1010.0,95.0,130.0,0.0,0.0,50.0,-0.35,3.5553480614894135,6.917705609835305,4.553876891600541,3.912023005428146,4.867534450455582
2014-08-01,AL,45.0,1006.0,80.0,125.0,0.0,0.8333333333333334,45.0,0.11,3.8066624897703196,6.913737350659685,4.382026634673881,3.8066624897703196,4.8283137373023015
2015-07-01,AL,45.0,1003.0,62.0,107.0,1.6666666666666667,0.8333333333333334,45.0,1.57,3.8066624897703196,6.910750787961936,4.127134385045092,3.8066624897703196,4.672828834461906
2016-06-01,AL,35.0,1003.0,96.0,131.0,0.8333333333333334,0.0,45.0,0.0,3.5553480614894135,6.910750787961936,4.564348191467836,3.8066624897703196,4.875197323201151
2017-06-01,AL,50.0,994.0,76.0,126.0,0.8333333333333334,0.0,50.0,0.39,3.912023005428146,6.901737206656574,4.330733340286331,3.912023005428146,4.836281906951478
2018-07-01,AL,25.0,1015.0,95.0,120.0,0.0,0.0,30.0,0.14,3.2188758248682006,6.922643891475888,4.553876891600541,3.4011973816621555,4.787491742782046
2020-06-01,AL,30.0,1005.0,124.0,154.0,0.0,0.8333333333333334,50.0,-0.23,3.4011973816621555,6.912742820493176,4.820281565605037,3.912023005428146,5.0369526024136295
2021-06-01,AL,40.0,1003.0,116.0,151.0,0.0,-0.8333333333333334,30.0,-0.3,3.6888794541139363,6.910750787961936,4.7535901911063645,3.4011973816621555,5.017279836814924
1983-08-01,AL,40.0,1010.0,93.0,133.0,0.8333333333333334,1.6666666666666667,50.0,-0.08,3.6888794541139363,6.917705609835305,4.532599493153256,3.912023005428146,4.890349128221754
1985-08-01,AL,25.0,1010.0,135.0,160.0,0.0,0.0,30.0,-0.46,3.2188758248682006,6.917705609835305,4.90527477843843,3.4011973816621555,5.075173815233827
1988-08-01,AL,25.0,1005.0,120.0,145.0,0.0,0.0,40.0,-1.11,3.2188758248682006,6.912742820493176,4.787491742782046,3.6888794541139363,4.976733742420574
1989-07-01,AL,30.0,1009.0,113.0,143.0,0.8333333333333334,0.8333333333333334,65.0,-0.31,3.4011973816621555,6.9167150203536085,4.727387818712341,4.174387269895637,4.962844630259907
1990-07-01,AL,25.0,1013.0,109.0,134.0,0.0,0.0,30.0,0.33,3.2188758248682006,6.920671504248683,4.6913478822291435,3.4011973816621555,4.897839799950911
1991-08-01,AL,30.0,1009.0,53.0,83.0,0.8333333333333334,0.0,30.0,0.64,3.4011973816621555,6.9167150203536085,3.970291913552122,3.4011973816621555,4.418840607796598
1992-08-01,AL,30.0,1008.0,94.0,124.0,0.8333333333333334,0.0,45.0,0.09,3.4011973816621555,6.915723448631314,4.543294782270004,3.8066624897703196,4.820281565605037
1993-08-01,AL,35.0,1011.0,99.0,134.0,0.8333333333333334,0.0,35.0,0.25,3.5553480614894135,6.918695219020472,4.59511985013459,3.5553480614894135,4.897839799950911
1994-08-01,AL,35.0,1006.0,94.0,129.0,0.0,0.8333333333333334,60.0,0.43,3.5553480614894135,6.913737350659685,4.543294782270004,4.0943445622221,4.859812404361672
1995-07-01,AL,30.0,1008.0,118.0,148.0,0.8333333333333334,0.0,30.0,-0.24,3.4011973816621555,6.915723448631314,4.770684624465665,3.4011973816621555,4.997212273764115
1996-08-01,AL,45.0,1006.0,89.0,134.0,0.8333333333333334,2.5,65.0,-0.32,3.8066624897703196,6.913737350659685,4.48863636973214,4.174387269895637,4.897839799950911
1997-07-01,AL,40.0,1004.0,78.0,118.0,0.8333333333333334,1.6666666666666667,40.0,1.6,3.6888794541139363,6.911747300251674,4.356708826689592,3.6888794541139363,4.770684624465665
1998-08-01,AL,35.0,1005.0,86.0,121.0,0.8333333333333334,0.8333333333333334,75.0,-1.12,3.5553480614894135,6.912742820493176,4.454347296253507,4.31748811353631,4.795790545596741
1999-08-01,AL,30.0,1003.0,99.0,129.0,0.0,0.0,30.0,-1.11,3.4011973816621555,6.910750787961936,4.59511985013459,3.4011973816621555,4.859812404361672
2000-08-01,AL,30.0,1010.0,101.0,131.0,0.0,0.0,30.0,-0.51,3.4011973816621555,6.917705609835305,4.61512051684126,3.4011973816621555,4.875197323201151
2001-08-01,AL,25.0,1010.0,101.0,126.0,0.0,0.0,30.0,-0.13,3.2188758248682006,6.917705609835305,4.61512051684126,3.4011973816621555,4.836281906951478
2002-08-01,AL,40.0,1002.0,106.0,146.0,0.8333333333333334,0.8333333333333334,50.0,0.86,3.6888794541139363,6.90975328164481,4.663439094112067,3.912023005428146,4.983606621708336
2003-07-01,AL,60.0,1001.0,57.0,117.0,0.8333333333333334,1.6666666666666667,55.0,0.08,4.0943445622221,6.90875477931522,4.04305126783455,4.007333185232471,4.762173934797756
2004-08-01,AL,35.0,1009.0,90.0,125.0,0.0,0.8333333333333334,65.0,0.64,3.5553480614894135,6.9167150203536085,4.499809670330265,4.174387269895637,4.8283137373023015
2005-07-01,AL,30.0,1008.0,110.0,140.0,0.8333333333333334,0.0,50.0,-0.06,3.4011973816621555,6.915723448631314,4.700480365792417,3.912023005428146,4.941642422609304
2006-08-01,AL,40.0,1006.0,96.0,136.0,0.8333333333333334,0.8333333333333334,55.0,0.3,3.6888794541139363,6.913737350659685,4.564348191467836,4.007333185232471,4.912654885736052
2007-08-01,AL,30.0,1005.0,87.0,117.0,0.0,0.0,40.0,-0.81,3.4011973816621555,6.912742820493176,4.465908118654584,3.6888794541139363,4.762173934797756
2008-07-01,AL,45.0,1007.0,96.0,141.0,0.0,0.8333333333333334,45.0,-0.37,3.8066624897703196,6.914730892718563,4.564348191467836,3.8066624897703196,4.948759890378168
2009-08-01,AL,50.0,1008.0,107.0,157.0,0.8333333333333334,2.5,45.0,0.58,3.912023005428146,6.915723448631314,4.672828834461906,3.8066624897703196,5.056245805348308
2010-08-01,AL,30.0,1007.0,102.0,132.0,0.0,0.0,40.0,-1.35,3.4011973816621555,6.914730892718563,4.624972813284271,3.6888794541139363,4.882801922586371
2011-07-01,AL,35.0,1003.0,104.0,139.0,0.0,0.8333333333333334,40.0,-0.43,3.5553480614894135,6.910750787961936,4.6443908991413725,3.6888794541139363,4.9344739331306915
2012-06-01,AL,45.0,998.0,79.0,124.0,0.8333333333333334,0.8333333333333334,55.0,0.06,3.8066624897703196,6.905753276311464,4.3694478524670215,4.007333185232471,4.820281565605037
2013-07-01,AL,35.0,1006.0,68.0,103.0,0.8333333333333334,0.8333333333333334,50.0,-0.35,3.5553480614894135,6.913737350659685,4.219507705176107,3.912023005428146,4.634728988229636
2014-08-01,AL,35.0,1002.0,107.0,142.0,0.0,0.8333333333333334,45.0,0.11,3.5553480614894135,6.90975328164481,4.672828834461906,3.8066624897703196,4.955827057601261
2015-08-01,AL,40.0,1006.0,92.0,132.0,0.8333333333333334,0.8333333333333334,50.0,1.91,3.6888794541139363,6.913737350659685,4.5217885770490405,3.912023005428146,4.882801922586371
2016-06-01,AL,30.0,1008.0,116.0,146.0,0.0,0.0,40.0,0.0,3.4011973816621555,6.915723448631314,4.7535901911063645,3.6888794541139363,4.983606621708336
2017-07-01,AL,25.0,1010.0,73.0,98.0,0.0,0.0,25.0,0.19,3.2188758248682006,6.917705609835305,4.290459441148391,3.2188758248682006,4.584967478670572
2018-08-01,AL,35.0,1008.0,81.0,116.0,0.0,0.0,40.0,0.27,3.5553480614894135,6.915723448631314,4.394449154672439,3.6888794541139363,4.7535901911063645
2019-08-01,AL,35.0,1007.0,65.0,100.0,0.8333333333333334,0.0,35.0,0.19,3.5553480614894135,6.914730892718563,4.174387269895637,3.5553480614894135,4.605170185988092
2020-06-01,AL,30.0,1007.0,50.0,80.0,0.0,0.0,40.0,-0.23,3.4011973816621555,6.914730892718563,3.912023005428146,3.6888794541139363,4.382026634673881
1982-09-01,AL,25.0,1009.0,145.0,170.0,0.0,0.0,35.0,1.58,3.2188758248682006,6.9167150203536085,4.976733742420574,3.5553480614894135,5.135798437050262
1983-09-01,AL,35.0,1005.0,97.0,132.0,0.8333333333333334,0.8333333333333334,65.0,-0.46,3.5553480614894135,6.912742820493176,4.574710978503383,4.174387269895637,4.882801922586371
1985-08-01,AL,30.0,1008.0,118.0,148.0,0.0,0.0,65.0,-0.46,3.4011973816621555,6.915723448631314,4.770684624465665,4.174387269895637,4.997212273764115
1986-08-01,AL,10.0,1009.0,133.0,143.0,0.0,0.0,15.0,0.44,2.302585092994046,6.9167150203536085,4.890349128221754,2.70805020110221,4.962844630259907
1987-08-01,AL,30.0,1008.0,76.0,106.0,0.0,0.8333333333333334,35.0,1.7,3.4011973816621555,6.915723448631314,4.330733340286331,3.5553480614894135,4.663439094112067
1988-09-01,AL,30.0,1008.0,101.0,131.0,0.0,0.8333333333333334,50.0,-1.19,3.4011973816621555,6.915723448631314,4.61512051684126,3.912023005428146,4.875197323201151
1989-07-01,AL,30.0,1008.0,76.0,106.0,0.0,0.8333333333333334,45.0,-0.31,3.4011973816621555,6.915723448631314,4.330733340286331,3.8066624897703196,4.663439094112067
1990-08-01,AL,25.0,1007.0,107.0,132.0,0.0,0.0,45.0,0.38,3.2188758248682006,6.914730892718563,4.672828834461906,3.8066624897703196,4.882801922586371
1992-09-01,AL,35.0,1005.0,103.0,138.0,0.0,0.8333333333333334,80.0,-0.13,3.5553480614894135,6.912742820493176,4.634728988229636,4.382026634673881,4.927253685157205
1993-08-01,AL,30.0,1020.0,106.0,136.0,0.0,0.0,30.0,0.25,3.4011973816621555,6.927557906278317,4.663439094112067,3.4011973816621555,4.912654885736052
1994-08-01,AL,30.0,1006.0,107.0,137.0,0.0,0.0,30.0,0.43,3.4011973816621555,6.913737350659685,4.672828834461906,3.4011973816621555,4.919980925828125
1995-07-01,AL,55.0,999.0,89.0,144.0,0.8333333333333334,0.8333333333333334,75.0,-0.24,4.007333185232471,6.906754778648554,4.48863636973214,4.31748811353631,4.969813299576001
1996-08-01,AL,25.0,1007.0,115.0,140.0,0.0,0.0,25.0,-0.32,3.2188758248682006,6.914730892718563,4.74493212836325,3.2188758248682006,4.941642422609304
1997-07-01,AL,30.0,1011.0,127.0,157.0,0.8333333333333334,0.0,55.0,1.6,3.4011973816621555,6.918695219020472,4.844187086458591,4.007333185232471,5.056245805348308
1998-08-01,AL,35.0,1002.0,115.0,150.0,0.8333333333333334,0.0,50.0,-1.12,3.5553480614894135,6.90975328164481,4.74493212836325,3.912023005428146,5.0106352940962555
1999-08-01,AL,35.0,1009.0,115.0,150.0,0.0,0.8333333333333334,45.0,-1.11,3.5553480614894135,6.9167150203536085,4.74493212836325,3.8066624897703196,5.0106352940962555
2000-08-01,AL,35.0,1007.0,121.0,156.0,0.0,0.8333333333333334,45.0,-0.51,3.5553480614894135,6.914730892718563,4.795790545596741,3.8066624897703196,5.049856007249537
2001-08-01,AL,50.0,1009.0,74.0,124.0,0.8333333333333334,0.0,60.0,-0.13,3.912023005428146,6.9167150203536085,4.30406509320417,4.0943445622221,4.820281565605037
2002-09-01,AL,35.0,1007.0,112.0,147.0,0.0,0.8333333333333334,35.0,1.01,3.5553480614894135,6.914730892718563,4.718498871295094,3.5553480614894135,4.990432586778736
2003-07-01,AL,35.0,1013.0,75.0,110.0,0.8333333333333334,0.8333333333333334,55.0,0.08,3.5553480614894135,6.920671504248683,4.31748811353631,4.007333185232471,4.700480365792417
2004-08-01,AL,30.0,1011.0,123.0,153.0,0.0,0.0,45.0,0.64,3.4011973816621555,6.918695219020472,4.812184355372417,3.8066624897703196,5.030437921392435
2005-07-01,AL,30.0,1009.0,102.0,132.0,0.8333333333333334,0.0,45.0,-0.06,3.4011973816621555,6.9167150203536085,4.624972813284271,3.8066624897703196,4.882801922586371
2006-08-01,AL,30.0,1007.0,111.0,141.0,0.0,0.0,40.0,0.3,3.4011973816621555,6.914730892718563,4.709530201312334,3.6888794541139363,4.948759890378168
2007-08-01,AL,30.0,1005.0,131.0,161.0,0.0,0.8333333333333334,35.0,-0.81,3.4011973816621555,6.912742820493176,4.875197323201151,3.5553480614894135,5.081404364984463
2008-08-01,AL,45.0,1002.0,89.0,134.0,0.8333333333333334,2.5,50.0,-0.23,3.8066624897703196,6.90975328164481,4.48863636973214,3.912023005428146,4.897839799950911
2009-08-01,AL,50.0,1006.0,85.0,135.0,0.8333333333333334,0.8333333333333334,50.0,0.58,3.912023005428146,6.913737350659685,4.442651256490317,3.912023005428146,4.90527477843843
2011-08-01,AL,40.0,1006.0,107.0,147.0,0.0,0.0,45.0,-0.58,3.6888794541139363,6.913737350659685,4.672828834461906,3.8066624897703196,4.990432586778736
2012-08-01,AL,30.0,1008.0,97.0,127.0,0.0,0.0,45.0,0.41,3.4011973816621555,6.915723448631314,4.574710978503383,3.8066624897703196,4.844187086458591
2013-08-01,AL,35.0,1007.0,68.0,103.0,0.8333333333333334,0.0,35.0,-0.28,3.5553480614894135,6.914730892718563,4.219507705176107,3.5553480614894135,4.634728988229636
2014-09-01,AL,40.0,1005.0,123.0,163.0,0.8333333333333334,0.8333333333333334,45.0,0.28,3.6888794541139363,6.912742820493176,4.812184355372417,3.8066624897703196,5.093750200806762
2015-08-01,AL,40.0,1003.0,80.0,120.0,0.0,0.0,40.0,1.91,3.6888794541139363,6.910750787961936,4.382026634673881,3.6888794541139363,4.787491742782046
2016-08-01,AL,45.0,1001.0,94.0,139.0,0.0,0.8333333333333334,65.0,-0.5,3.8066624897703196,6.90875477931522,4.543294782270004,4.174387269895637,4.9344739331306915
2018-08-01,AL,35.0,1008.0,61.0,96.0,0.8333333333333334,0.0,40.0,0.27,3.5553480614894135,6.915723448631314,4.110873864173311,3.6888794541139363,4.564348191467836
2019-08-01,AL,35.0,1008.0,101.0,136.0,0.8333333333333334,0.8333333333333334,45.0,0.19,3.5553480614894135,6.915723448631314,4.61512051684126,3.8066624897703196,4.912654885736052
2020-07-01,AL,30.0,1007.0,37.0,67.0,0.0,0.0,35.0,-0.36,3.4011973816621555,6.914730892718563,3.6109179126442243,3.5553480614894135,4.204692619390966
2021-06-01,AL,35.0,1006.0,100.0,135.0,0.8333333333333334,0.0,55.0,-0.3,3.5553480614894135,6.913737350659685,4.605170185988092,4.007333185232471,4.90527477843843
2022-09-01,AL,45.0,1002.0,81.0,126.0,0.8333333333333334,1.6666666666666667,65.0,-0.97,3.8066624897703196,6.90975328164481,4.394449154672439,4.174387269895637,4.836281906951478
1982-09-01,AL,30.0,1009.0,110.0,140.0,0.0,0.0,65.0,1.58,3.4011973816621555,6.9167150203536085,4.700480365792417,4.174387269895637,4.941642422609304
1983-09-01,AL,40.0,1006.0,112.0,152.0,0.0,0.8333333333333334,45.0,-0.46,3.6888794541139363,6.913737350659685,4.718498871295094,3.8066624897703196,5.0238805208462765
1984-08-01,AL,25.0,1008.0,125.0,150.0,0.0,0.0,45.0,-0.16,3.2188758248682006,6.915723448631314,4.8283137373023015,3.8066624897703196,5.0106352940962555
1990-08-01,AL,30.0,1010.0,38.0,68.0,0.0,0.0,40.0,0.38,3.4011973816621555,6.917705609835305,3.6375861597263857,3.6888794541139363,4.219507705176107
1991-09-01,AL,30.0,1010.0,136.0,166.0,0.8333333333333334,0.0,50.0,0.62,3.4011973816621555,6.917705609835305,4.912654885736052,3.912023005428146,5.111987788356544
1992-09-01,AL,30.0,1009.0,108.0,138.0,0.8333333333333334,0.0,60.0,-0.13,3.4011973816621555,6.9167150203536085,4.68213122712422,4.0943445622221,4.927253685157205
1993-08-01,AL,30.0,1007.0,79.0,109.0,0.8333333333333334,0.0,45.0,0.25,3.4011973816621555,6.914730892718563,4.3694478524670215,3.8066624897703196,4.6913478822291435
1994-09-01,AL,45.0,1010.0,85.0,130.0,0.8333333333333334,2.5,60.0,0.55,3.8066624897703196,6.917705609835305,4.442651256490317,4.0943445622221,4.867534450455582
1995-08-01,AL,20.0,1004.0,125.0,145.0,0.0,0.0,30.0,-0.54,2.995732273553991,6.911747300251674,4.8283137373023015,3.4011973816621555,4.976733742420574
1996-08-01,AL,25.0,1010.0,98.0,123.0,0.0,0.0,30.0,-0.32,3.2188758248682006,6.917705609835305,4.584967478670572,3.4011973816621555,4.812184355372417
1997-07-01,AL,30.0,1008.0,92.0,122.0,0.8333333333333334,0.0,30.0,1.6,3.4011973816621555,6.915723448631314,4.5217885770490405,3.4011973816621555,4.804021044733257
1998-09-01,AL,30.0,999.0,122.0,152.0,0.0,0.0,40.0,-1.31,3.4011973816621555,6.906754778648554,4.804021044733257,3.6888794541139363,5.0238805208462765
1999-08-01,AL,45.0,1004.0,103.0,148.0,0.8333333333333334,1.6666666666666667,45.0,-1.11,3.8066624897703196,6.911747300251674,4.634728988229636,3.8066624897703196,4.997212273764115
2000-08-01,AL,25.0,1009.0,103.0,128.0,0.0,0.0,35.0,-0.51,3.2188758248682006,6.9167150203536085,4.634728988229636,3.5553480614894135,4.852030263919617
2001-09-01,AL,40.0,1002.0,86.0,126.0,0.0,1.6666666666666667,50.0,-0.19,3.6888794541139363,6.90975328164481,4.454347296253507,3.912023005428146,4.836281906951478
2002-09-01,AL,45.0,1005.0,116.0,161.0,0.8333333333333334,1.6666666666666667,50.0,1.01,3.8066624897703196,6.912742820493176,4.7535901911063645,3.912023005428146,5.081404364984463
2003-07-01,AL,30.0,1010.0,81.0,111.0,0.0,0.0,30.0,0.08,3.4011973816621555,6.917705609835305,4.394449154672439,3.4011973816621555,4.709530201312334
2004-08-01,AL,30.0,1007.0,113.0,143.0,0.8333333333333334,0.0,55.0,0.64,3.4011973816621555,6.914730892718563,4.727387818712341,4.007333185232471,4.962844630259907
2005-07-01,AL,40.0,1008.0,97.0,137.0,1.6666666666666667,0.0,50.0,-0.06,3.6888794541139363,6.915723448631314,4.574710978503383,3.912023005428146,4.919980925828125
2006-08-01,AL,30.0,1005.0,118.0,148.0,0.0,0.0,45.0,0.3,3.4011973816621555,6.912742820493176,4.770684624465665,3.8066624897703196,4.997212273764115
2007-08-01,AL,35.0,1007.0,107.0,142.0,0.8333333333333334,0.8333333333333334,65.0,-0.81,3.5553480614894135,6.914730892718563,4.672828834461906,4.174387269895637,4.955827057601261
2008-08-01,AL,40.0,1008.0,89.0,129.0,0.8333333333333334,0.8333333333333334,45.0,-0.23,3.6888794541139363,6.915723448631314,4.48863636973214,3.8066624897703196,4.859812404361672
2009-09-01,AL,45.0,1004.0,98.0,143.0,0.0,0.0,40.0,0.71,3.8066624897703196,6.911747300251674,4.584967478670572,3.6888794541139363,4.962844630259907
2010-08-01,AL,35.0,1005.0,104.0,139.0,0.8333333333333334,0.8333333333333334,50.0,-1.35,3.5553480614894135,6.912742820493176,4.6443908991413725,3.912023005428146,4.9344739331306915
2012-08-01,AL,35.0,1007.0,60.0,95.0,0.0,0.8333333333333334,50.0,0.41,3.5553480614894135,6.914730892718563,4.0943445622221,3.912023005428146,4.553876891600541
2014-09-01,AL,35.0,1006.0,73.0,108.0,0.0,0.8333333333333334,40.0,0.28,3.5553480614894135,6.913737350659685,4.290459441148391,3.6888794541139363,4.68213122712422
2015-08-01,AL,45.0,1004.0,106.0,151.0,0.8333333333333334,1.6666666666666667,75.0,1.91,3.8066624897703196,6.911747300251674,4.663439094112067,4.31748811353631,5.017279836814924
2016-08-01,AL,30.0,1008.0,86.0,116.0,0.8333333333333334,0.0,40.0,-0.5,3.4011973816621555,6.915723448631314,4.454347296253507,3.6888794541139363,4.7535901911063645
2017-07-01,AL,40.0,1006.0,130.0,170.0,0.8333333333333334,0.8333333333333334,45.0,0.19,3.6888794541139363,6.913737350659685,4.867534450455582,3.8066624897703196,5.135798437050262
2018-08-01,AL,35.0,1005.0,85.0,120.0,0.0,0.8333333333333334,50.0,0.27,3.5553480614894135,6.912742820493176,4.442651256490317,3.912023005428146,4.787491742782046
2019-08-01,AL,30.0,1010.0,108.0,138.0,0.0,0.0,35.0,0.19,3.4011973816621555,6.917705609835305,4.68213122712422,3.5553480614894135,4.927253685157205
2021-08-01,AL,40.0,1005.0,103.0,143.0,0.0,0.8333333333333334,35.0,-0.45,3.6888794541139363,6.912742820493176,4.634728988229636,3.5553480614894135,4.962844630259907
2022-09-01,AL,40.0,1004.0,107.0,147.0,0.8333333333333334,0.0,45.0,-0.97,3.6888794541139363,6.911747300251674,4.672828834461906,3.8066624897703196,4.990432586778736
1984-08-01,AL,30.0,1008.0,87.0,117.0,0.0,0.8333333333333334,35.0,-0.16,3.4011973816621555,6.915723448631314,4.465908118654584,3.5553480614894135,4.762173934797756
1987-09-01,AL,30.0,1009.0,82.0,112.0,0.8333333333333334,0.0,30.0,1.65,3.4011973816621555,6.9167150203536085,4.406719247264253,3.4011973816621555,4.718498871295094
1988-09-01,AL,40.0,996.0,105.0,145.0,0.8333333333333334,1.6666666666666667,45.0,-1.19,3.6888794541139363,6.903747257584598,4.653960350157523,3.8066624897703196,4.976733742420574
1989-08-01,AL,25.0,1011.0,87.0,112.0,0.0,0.0,30.0,-0.27,3.2188758248682006,6.918695219020472,4.465908118654584,3.4011973816621555,4.718498871295094
1990-08-01,AL,30.0,1009.0,108.0,138.0,0.0,0.8333333333333334,35.0,0.38,3.4011973816621555,6.9167150203536085,4.68213122712422,3.5553480614894135,4.927253685157205
1991-09-01,AL,25.0,1008.0,99.0,124.0,0.0,0.0,35.0,0.62,3.2188758248682006,6.915723448631314,4.59511985013459,3.5553480614894135,4.820281565605037
1992-09-01,AL,45.0,1005.0,78.0,123.0,2.5,0.0,45.0,-0.13,3.8066624897703196,6.912742820493176,4.356708826689592,3.8066624897703196,4.812184355372417
1993-09-01,AL,45.0,1009.0,89.0,134.0,2.5,0.8333333333333334,45.0,0.15,3.8066624897703196,6.9167150203536085,4.48863636973214,3.8066624897703196,4.897839799950911
1994-09-01,AL,30.0,1009.0,101.0,131.0,0.0,0.8333333333333334,50.0,0.55,3.4011973816621555,6.9167150203536085,4.61512051684126,3.912023005428146,4.875197323201151
1995-08-01,AL,30.0,1007.0,62.0,92.0,0.0,0.0,45.0,-0.54,3.4011973816621555,6.914730892718563,4.127134385045092,3.8066624897703196,4.5217885770490405
1996-08-01,AL,30.0,1008.0,104.0,134.0,0.0,0.0,30.0,-0.32,3.4011973816621555,6.915723448631314,4.6443908991413725,3.4011973816621555,4.897839799950911
1997-09-01,AL,35.0,1004.0,95.0,130.0,0.0,0.8333333333333334,65.0,2.14,3.5553480614894135,6.911747300251674,4.553876891600541,4.174387269895637,4.867534450455582
1998-09-01,AL,30.0,1009.0,111.0,141.0,0.0,0.0,45.0,-1.31,3.4011973816621555,6.9167150203536085,4.709530201312334,3.8066624897703196,4.948759890378168
1999-09-01,AL,30.0,1006.0,115.0,145.0,0.8333333333333334,0.0,30.0,-1.16,3.4011973816621555,6.913737350659685,4.74493212836325,3.4011973816621555,4.976733742420574
2000-08-01,AL,35.0,1009.0,89.0,124.0,0.0,0.8333333333333334,65.0,-0.51,3.5553480614894135,6.9167150203536085,4.48863636973214,4.174387269895637,4.820281565605037
2001-09-01,AL,30.0,1007.0,85.0,115.0,0.0,0.0,35.0,-0.19,3.4011973816621555,6.914730892718563,4.442651256490317,3.5553480614894135,4.74493212836325
2003-07-01,AL,30.0,1016.0,87.0,117.0,0.0,0.8333333333333334,25.0,0.08,3.4011973816621555,6.923628628138427,4.465908118654584,3.2188758248682006,4.762173934797756
2004-08-01,AL,30.0,1011.0,94.0,124.0,0.0,0.8333333333333334,55.0,0.64,3.4011973816621555,6.918695219020472,4.543294782270004,4.007333185232471,4.820281565605037
2005-07-01,AL,35.0,1009.0,110.0,145.0,0.8333333333333334,0.8333333333333334,40.0,-0.06,3.5553480614894135,6.9167150203536085,4.700480365792417,3.6888794541139363,4.976733742420574
2006-09-01,AL,30.0,1007.0,98.0,128.0,0.0,0.0,35.0,0.54,3.4011973816621555,6.914730892718563,4.584967478670572,3.5553480614894135,4.852030263919617
2007-09-01,AL,40.0,1010.0,118.0,153.0,0.0,-0.8333333333333334,50.0,-1.07,3.6888794541139363,6.917705609835305,4.770684624465665,3.912023005428146,5.030437921392435
2008-08-01,AL,35.0,1002.0,108.0,143.0,0.8333333333333334,0.8333333333333334,80.0,-0.23,3.5553480614894135,6.90975328164481,4.68213122712422,4.382026634673881,4.962844630259907
2009-09-01,AL,45.0,1000.0,81.0,126.0,0.8333333333333334,1.6666666666666667,90.0,0.71,3.8066624897703196,6.907755278982137,4.394449154672439,4.499809670330265,4.836281906951478
2010-08-01,AL,35.0,1006.0,91.0,126.0,0.8333333333333334,0.0,40.0,-1.35,3.5553480614894135,6.913737350659685,4.51085950651685,3.6888794541139363,4.836281906951478
2011-08-01,AL,35.0,1011.0,109.0,144.0,0.0,0.8333333333333334,50.0,-0.58,3.5553480614894135,6.918695219020472,4.6913478822291435,3.912023005428146,4.969813299576001
2012-08-01,AL,30.0,1008.0,96.0,126.0,0.0,0.0,30.0,0.41,3.4011973816621555,6.915723448631314,4.564348191467836,3.4011973816621555,4.836281906951478
2013-09-01,AL,30.0,1008.0,113.0,143.0,0.0,0.0,50.0,-0.21,3.4011973816621555,6.915723448631314,4.727387818712341,3.912023005428146,4.962844630259907
2014-10-01,AL,40.0,1003.0,118.0,158.0,0.0,0.8333333333333334,60.0,0.54,3.6888794541139363,6.910750787961936,4.770684624465665,4.0943445622221,5.062595033026967
2015-09-01,AL,35.0,1007.0,107.0,142.0,0.8333333333333334,0.8333333333333334,50.0,2.21,3.5553480614894135,6.914730892718563,4.672828834461906,3.912023005428146,4.955827057601261
2016-08-01,AL,40.0,1006.0,90.0,130.0,0.8333333333333334,0.8333333333333334,55.0,-0.5,3.6888794541139363,6.913737350659685,4.499809670330265,4.007333185232471,4.867534450455582
2017-08-01,AL,45.0,1002.0,109.0,154.0,0.8333333333333334,0.8333333333333334,50.0,-0.07,3.8066624897703196,6.90975328164481,4.6913478822291435,3.912023005428146,5.0369526024136295
2018-09-01,AL,50.0,1004.0,103.0,153.0,2.5,0.8333333333333334,60.0,0.53,3.912023005428146,6.911747300251674,4.634728988229636,4.0943445622221,5.030437921392435
2019-09-01,AL,45.0,1000.0,101.0,146.0,0.8333333333333334,0.8333333333333334,45.0,0.23,3.8066624897703196,6.907755278982137,4.61512051684126,3.8066624897703196,4.983606621708336
2020-07-01,AL,35.0,1006.0,114.0,149.0,0.0,0.8333333333333334,55.0,-0.36,3.5553480614894135,6.913737350659685,4.736198448394496,4.007333185232471,5.003946305945459
2021-08-01,AL,30.0,1010.0,87.0,117.0,0.0,0.0,35.0,-0.45,3.4011973816621555,6.917705609835305,4.465908118654584,3.5553480614894135,4.762173934797756
2022-09-01,AL,35.0,1006.0,100.0,135.0,0.8333333333333334,0.8333333333333334,50.0,-0.97,3.5553480614894135,6.913737350659685,4.605170185988092,3.912023005428146,4.90527477843843
1982-09-01,AL,30.0,1005.0,113.0,143.0,0.0,0.0,60.0,1.58,3.4011973816621555,6.912742820493176,4.727387818712341,4.0943445622221,4.962844630259907
1984-08-01,AL,35.0,1001.0,97.0,132.0,0.8333333333333334,0.8333333333333334,40.0,-0.16,3.5553480614894135,6.90875477931522,4.574710978503383,3.6888794541139363,4.882801922586371
1985-09-01,AL,30.0,1006.0,125.0,155.0,0.0,0.8333333333333334,50.0,-0.4,3.4011973816621555,6.913737350659685,4.8283137373023015,3.912023005428146,5.043425116919247
1986-09-01,AL,35.0,1003.0,103.0,138.0,0.8333333333333334,0.8333333333333334,50.0,0.71,3.5553480614894135,6.910750787961936,4.634728988229636,3.912023005428146,4.927253685157205
1988-09-01,AL,30.0,1006.0,118.0,148.0,0.0,0.8333333333333334,45.0,-1.19,3.4011973816621555,6.913737350659685,4.770684624465665,3.8066624897703196,4.997212273764115
1989-08-01,AL,30.0,1007.0,81.0,111.0,0.8333333333333334,0.0,45.0,-0.27,3.4011973816621555,6.914730892718563,4.394449154672439,3.8066624897703196,4.709530201312334
1990-08-01,AL,30.0,1007.0,92.0,122.0,0.8333333333333334,0.0,50.0,0.38,3.4011973816621555,6.914730892718563,4.5217885770490405,3.912023005428146,4.804021044733257
1991-09-01,AL,30.0,1009.0,107.0,137.0,0.0,0.8333333333333334,45.0,0.62,3.4011973816621555,6.9167150203536085,4.672828834461906,3.8066624897703196,4.919980925828125
1992-09-01,AL,30.0,1011.0,113.0,143.0,0.8333333333333334,0.0,30.0,-0.13,3.4011973816621555,6.918695219020472,4.727387818712341,3.4011973816621555,4.962844630259907
1993-09-01,AL,30.0,1001.0,115.0,145.0,0.8333333333333334,0.0,35.0,0.15,3.4011973816621555,6.90875477931522,4.74493212836325,3.5553480614894135,4.976733742420574
1994-09-01,AL,30.0,1007.0,110.0,140.0,0.8333333333333334,0.0,30.0,0.55,3.4011973816621555,6.914730892718563,4.700480365792417,3.4011973816621555,4.941642422609304
1995-08-01,AL,30.0,1002.0,111.0,141.0,0.0,0.0,50.0,-0.54,3.4011973816621555,6.90975328164481,4.709530201312334,3.912023005428146,4.948759890378168
1996-09-01,AL,30.0,1006.0,94.0,124.0,0.8333333333333334,0.0,30.0,-0.35,3.4011973816621555,6.913737350659685,4.543294782270004,3.4011973816621555,4.820281565605037
1997-10-01,AL,25.0,1009.0,129.0,154.0,0.0,0.0,35.0,2.33,3.2188758248682006,6.9167150203536085,4.859812404361672,3.5553480614894135,5.0369526024136295
1998-09-01,AL,30.0,1000.0,105.0,135.0,0.0,0.0,30.0,-1.31,3.4011973816621555,6.907755278982137,4.653960350157523,3.4011973816621555,4.90527477843843
1999-09-01,AL,35.0,1005.0,105.0,140.0,0.8333333333333334,0.8333333333333334,45.0,-1.16,3.5553480614894135,6.912742820493176,4.653960350157523,3.8066624897703196,4.941642422609304
2000-09-01,AL,30.0,1009.0,88.0,118.0,0.8333333333333334,0.0,35.0,-0.55,3.4011973816621555,6.9167150203536085,4.477336814478207,3.5553480614894135,4.770684624465665
2001-09-01,AL,25.0,1008.0,133.0,158.0,0.0,0.0,30.0,-0.19,3.2188758248682006,6.915723448631314,4.890349128221754,3.4011973816621555,5.062595033026967
2002-09-01,AL,40.0,1004.0,99.0,139.0,0.8333333333333334,0.8333333333333334,45.0,1.01,3.6888794541139363,6.911747300251674,4.59511985013459,3.8066624897703196,4.9344739331306915
2003-08-01,AL,40.0,1008.0,109.0,149.0,0.8333333333333334,0.0,60.0,0.21,3.6888794541139363,6.915723448631314,4.6913478822291435,4.0943445622221,5.003946305945459
2004-08-01,AL,25.0,1016.0,127.0,152.0,0.0,0.0,30.0,0.64,3.2188758248682006,6.923628628138427,4.844187086458591,3.4011973816621555,5.0238805208462765
2005-08-01,AL,40.0,1003.0,88.0,128.0,0.0,1.6666666666666667,50.0,-0.14,3.6888794541139363,6.910750787961936,4.477336814478207,3.912023005428146,4.852030263919617
2006-09-01,AL,30.0,1010.0,107.0,137.0,0.8333333333333334,0.0,50.0,0.54,3.4011973816621555,6.917705609835305,4.672828834461906,3.912023005428146,4.919980925828125
2007-09-01,AL,30.0,1007.0,103.0,133.0,0.8333333333333334,0.0,35.0,-1.07,3.4011973816621555,6.914730892718563,4.634728988229636,3.5553480614894135,4.890349128221754
2008-08-01,AL,35.0,1003.0,104.0,139.0,0.0,0.8333333333333334,45.0,-0.23,3.5553480614894135,6.910750787961936,4.6443908991413725,3.8066624897703196,4.9344739331306915
2010-08-01,AL,35.0,1007.0,101.0,136.0,0.8333333333333334,0.0,45.0,-1.35,3.5553480614894135,6.914730892718563,4.61512051684126,3.8066624897703196,4.912654885736052
2011-08-01,AL,35.0,1003.0,117.0,152.0,0.0,0.8333333333333334,50.0,-0.58,3.5553480614894135,6.910750787961936,4.762173934797756,3.912023005428146,5.0238805208462765
2012-08-01,AL,35.0,1010.0,97.0,132.0,0.0,0.8333333333333334,60.0,0.41,3.5553480614894135,6.917705609835305,4.574710978503383,4.0943445622221,4.882801922586371
2014-10-01,AL,35.0,1006.0,120.0,155.0,0.0,0.8333333333333334,65.0,0.54,3.5553480614894135,6.913737350659685,4.787491742782046,4.174387269895637,5.043425116919247
2015-09-01,AL,35.0,1007.0,115.0,150.0,0.8333333333333334,0.0,45.0,2.21,3.5553480614894135,6.914730892718563,4.74493212836325,3.8066624897703196,5.0106352940962555
2016-08-01,AL,30.0,1010.0,114.0,144.0,0.0,0.0,30.0,-0.5,3.4011973816621555,6.917705609835305,4.736198448394496,3.4011973816621555,4.969813299576001
2017-08-01,AL,35.0,1012.0,115.0,150.0,0.8333333333333334,0.0,45.0,-0.07,3.5553480614894135,6.919683849847411,4.74493212836325,3.8066624897703196,5.0106352940962555
2018-09-01,AL,35.0,1002.0,93.0,128.0,0.0,0.8333333333333334,50.0,0.53,3.5553480614894135,6.90975328164481,4.532599493153256,3.912023005428146,4.852030263919617
2019-09-01,AL,40.0,1004.0,47.0,87.0,0.8333333333333334,0.8333333333333334,45.0,0.23,3.6888794541139363,6.911747300251674,3.8501476017100584,3.8066624897703196,4.465908118654584
2020-07-01,AL,30.0,1009.0,133.0,163.0,0.0,0.8333333333333334,45.0,-0.36,3.4011973816621555,6.9167150203536085,4.890349128221754,3.8066624897703196,5.093750200806762
2021-08-01,AL,30.0,1010.0,120.0,150.0,0.8333333333333334,0.0,45.0,-0.45,3.4011973816621555,6.917705609835305,4.787491742782046,3.8066624897703196,5.0106352940962555
2022-09-01,AL,45.0,1004.0,71.0,116.0,0.8333333333333334,1.6666666666666667,55.0,-0.97,3.8066624897703196,6.911747300251674,4.2626798770413155,4.007333185232471,4.7535901911063645
1985-09-01,AL,30.0,1008.0,104.0,134.0,0.0,0.8333333333333334,35.0,-0.4,3.4011973816621555,6.915723448631314,4.6443908991413725,3.5553480614894135,4.897839799950911
1986-09-01,AL,45.0,1006.0,97.0,142.0,0.8333333333333334,1.6666666666666667,80.0,0.71,3.8066624897703196,6.913737350659685,4.574710978503383,4.382026634673881,4.955827057601261
1988-09-01,AL,35.0,1008.0,97.0,132.0,0.3333333333333333,0.5,60.0,-1.19,3.5553480614894135,6.915723448631314,4.574710978503383,4.0943445622221,4.882801922586371
1990-08-01,AL,30.0,1008.0,93.0,123.0,0.8333333333333334,0.0,35.0,0.38,3.4011973816621555,6.915723448631314,4.532599493153256,3.5553480614894135,4.812184355372417
1991-10-01,AL,35.0,1007.0,135.0,170.0,0.8333333333333334,0.8333333333333334,40.0,0.79,3.5553480614894135,6.914730892718563,4.90527477843843,3.6888794541139363,5.135798437050262
1992-09-01,AL,25.0,1007.0,117.0,142.0,0.0,0.0,30.0,-0.13,3.2188758248682006,6.914730892718563,4.762173934797756,3.4011973816621555,4.955827057601261
1993-09-01,AL,30.0,1012.0,120.0,150.0,0.0,0.0,35.0,0.15,3.4011973816621555,6.919683849847411,4.787491742782046,3.5553480614894135,5.0106352940962555
1994-09-01,AL,30.0,1007.0,97.0,127.0,0.0,0.0,30.0,0.55,3.4011973816621555,6.914730892718563,4.574710978503383,3.4011973816621555,4.844187086458591
1995-08-01,AL,45.0,1002.0,78.0,123.0,0.8333333333333334,1.6666666666666667,70.0,-0.54,3.8066624897703196,6.90975328164481,4.356708826689592,4.248495242049359,4.812184355372417
1996-09-01,AL,30.0,1006.0,118.0,148.0,0.8333333333333334,0.0,60.0,-0.35,3.4011973816621555,6.913737350659685,4.770684624465665,4.0943445622221,4.997212273764115
1997-10-01,AL,40.0,999.0,119.0,154.0,-0.8333333333333334,0.0,35.0,2.33,3.6888794541139363,6.906754778648554,4.77912349311153,3.5553480614894135,5.0369526024136295
1998-09-01,AL,25.0,1010.0,114.0,139.0,0.0,0.0,30.0,-1.31,3.2188758248682006,6.917705609835305,4.736198448394496,3.4011973816621555,4.9344739331306915
1999-09-01,AL,30.0,1005.0,92.0,122.0,0.0,0.0,55.0,-1.16,3.4011973816621555,6.912742820493176,4.5217885770490405,4.007333185232471,4.804021044733257
2002-09-01,AL,35.0,1001.0,121.0,156.0,0.8333333333333334,0.0,45.0,1.01,3.5553480614894135,6.90875477931522,4.795790545596741,3.8066624897703196,5.049856007249537
2004-09-01,AL,35.0,1005.0,108.0,143.0,0.8333333333333334,0.8333333333333334,50.0,0.7,3.5553480614894135,6.912742820493176,4.68213122712422,3.912023005428146,4.962844630259907
2005-08-01,AL,25.0,1009.0,73.0,98.0,0.0,0.0,30.0,-0.14,3.2188758248682006,6.9167150203536085,4.290459441148391,3.4011973816621555,4.584967478670572
2006-09-01,AL,30.0,1007.0,104.0,134.0,0.8333333333333334,0.0,35.0,0.54,3.4011973816621555,6.914730892718563,4.6443908991413725,3.5553480614894135,4.897839799950911
2007-09-01,AL,55.0,997.0,112.0,167.0,1.6666666666666667,1.6666666666666667,80.0,-1.07,4.007333185232471,6.904750769961838,4.718498871295094,4.382026634673881,5.117993812416755
2008-09-01,AL,45.0,1003.0,49.0,94.0,0.8333333333333334,1.6666666666666667,55.0,-0.24,3.8066624897703196,6.910750787961936,3.8918202981106265,4.007333185232471,4.543294782270004
2009-10-01,AL,50.0,991.0,18.0,68.0,0.8333333333333334,0.8333333333333334,55.0,1.01,3.912023005428146,6.898714534329988,2.8903717578961645,4.007333185232471,4.219507705176107
2011-08-01,AL,45.0,1005.0,97.0,142.0,0.0,0.0,70.0,-0.58,3.8066624897703196,6.912742820493176,4.574710978503383,4.248495242049359,4.955827057601261
2012-08-01,AL,35.0,1005.0,101.0,136.0,0.0,0.8333333333333334,45.0,0.41,3.5553480614894135,6.912742820493176,4.61512051684126,3.8066624897703196,4.912654885736052
2013-09-01,AL,35.0,1006.0,109.0,144.0,0.8333333333333334,0.8333333333333334,55.0,-0.21,3.5553480614894135,6.913737350659685,4.6913478822291435,4.007333185232471,4.969813299576001
2015-09-01,AL,25.0,1008.0,109.0,134.0,0.0,0.0,30.0,2.21,3.2188758248682006,6.915723448631314,4.6913478822291435,3.4011973816621555,4.897839799950911
2016-08-01,AL,30.0,1007.0,129.0,159.0,0.0,0.0,30.0,-0.5,3.4011973816621555,6.914730892718563,4.859812404361672,3.4011973816621555,5.0689042022202315
2017-08-01,AL,35.0,1004.0,104.0,139.0,0.8333333333333334,0.8333333333333334,40.0,-0.07,3.5553480614894135,6.911747300251674,4.6443908991413725,3.6888794541139363,4.9344739331306915
2018-09-01,AL,30.0,1007.0,97.0,127.0,0.0,0.0,45.0,0.53,3.4011973816621555,6.914730892718563,4.574710978503383,3.8066624897703196,4.844187086458591
2019-09-01,AL,35.0,1006.0,95.0,130.0,0.8333333333333334,0.0,50.0,0.23,3.5553480614894135,6.913737350659685,4.553876891600541,3.912023005428146,4.867534450455582
2020-07-01,AL,55.0,1002.0,87.0,142.0,0.8333333333333334,0.8333333333333334,70.0,-0.36,4.007333185232471,6.90975328164481,4.465908118654584,4.248495242049359,4.955827057601261
2021-08-01,AL,40.0,1004.0,113.0,153.0,0.8333333333333334,0.8333333333333334,70.0,-0.45,3.6888794541139363,6.911747300251674,4.727387818712341,4.248495242049359,5.030437921392435
2022-09-01,AL,30.0,1006.0,128.0,158.0,0.0,0.0,40.0,-0.97,3.4011973816621555,6.913737350659685,4.852030263919617,3.6888794541139363,5.062595033026967
1984-09-01,AL,45.0,1004.0,113.0,158.0,0.8333333333333334,0.8333333333333334,60.0,-0.24,3.8066624897703196,6.911747300251674,4.727387818712341,4.0943445622221,5.062595033026967
1985-09-01,AL,25.0,1008.0,103.0,128.0,0.0,0.0,35.0,-0.4,3.2188758248682006,6.915723448631314,4.634728988229636,3.5553480614894135,4.852030263919617
1986-11-01,AL,35.0,1007.0,97.0,132.0,0.0,0.8333333333333334,65.0,1.14,3.5553480614894135,6.914730892718563,4.574710978503383,4.174387269895637,4.882801922586371
1987-09-01,AL,25.0,1011.0,115.0,140.0,0.0,0.0,30.0,1.65,3.2188758248682006,6.918695219020472,4.74493212836325,3.4011973816621555,4.941642422609304
1988-09-01,AL,25.0,1007.0,133.0,158.0,0.0,0.0,30.0,-1.19,3.2188758248682006,6.914730892718563,4.890349128221754,3.4011973816621555,5.062595033026967
1989-08-01,AL,35.0,1005.0,105.0,140.0,0.8333333333333334,0.8333333333333334,65.0,-0.27,3.5553480614894135,6.912742820493176,4.653960350157523,4.174387269895637,4.941642422609304
1990-09-01,AL,25.0,1009.0,99.0,124.0,0.0,0.0,35.0,0.39,3.2188758248682006,6.9167150203536085,4.59511985013459,3.5553480614894135,4.820281565605037
1992-10-01,AL,65.0,986.0,73.0,138.0,0.8333333333333334,0.8333333333333334,75.0,-0.25,4.174387269895637,6.893656354602635,4.290459441148391,4.31748811353631,4.927253685157205
1994-09-01,AL,30.0,1006.0,127.0,157.0,0.0,0.8333333333333334,30.0,0.55,3.4011973816621555,6.913737350659685,4.844187086458591,3.4011973816621555,5.056245805348308
1995-08-01,AL,35.0,1006.0,106.0,141.0,0.8333333333333334,0.0,75.0,-0.54,3.5553480614894135,6.913737350659685,4.663439094112067,4.31748811353631,4.948759890378168
1996-10-01,AL,30.0,1003.0,131.0,161.0,0.8333333333333334,0.0,30.0,-0.4,3.4011973816621555,6.910750787961936,4.875197323201151,3.4011973816621555,5.081404364984463
1998-09-01,AL,35.0,1004.0,103.0,138.0,0.0,0.8333333333333334,65.0,-1.31,3.5553480614894135,6.911747300251674,4.634728988229636,4.174387269895637,4.927253685157205
1999-09-01,AL,30.0,1003.0,124.0,154.0,0.0,0.0,50.0,-1.16,3.4011973816621555,6.910750787961936,4.820281565605037,3.912023005428146,5.0369526024136295
2000-09-01,AL,30.0,1006.0,98.0,128.0,0.0,0.0,65.0,-0.55,3.4011973816621555,6.913737350659685,4.584967478670572,4.174387269895637,4.852030263919617
2001-09-01,AL,25.0,1010.0,120.0,145.0,0.0,0.0,55.0,-0.19,3.2188758248682006,6.917705609835305,4.787491742782046,4.007333185232471,4.976733742420574
2002-09-01,AL,25.0,1009.0,107.0,132.0,0.0,0.0,50.0,1.01,3.2188758248682006,6.9167150203536085,4.672828834461906,3.912023005428146,4.882801922586371
2003-08-01,AL,30.0,1008.0,91.0,121.0,0.8333333333333334,0.0,50.0,0.21,3.4011973816621555,6.915723448631314,4.51085950651685,3.912023005428146,4.795790545596741
2004-09-01,AL,25.0,1009.0,101.0,126.0,0.0,0.0,30.0,0.7,3.2188758248682006,6.9167150203536085,4.61512051684126,3.4011973816621555,4.836281906951478
2006-09-01,AL,35.0,1008.0,94.0,129.0,0.0,0.8333333333333334,40.0,0.54,3.5553480614894135,6.915723448631314,4.543294782270004,3.6888794541139363,4.859812404361672
2008-09-01,AL,35.0,1005.0,98.0,133.0,0.8333333333333334,0.0,55.0,-0.24,3.5553480614894135,6.912742820493176,4.584967478670572,4.007333185232471,4.890349128221754
2009-10-01,AL,35.0,1007.0,96.0,131.0,0.8333333333333334,0.0,45.0,1.01,3.5553480614894135,6.914730892718563,4.564348191467836,3.8066624897703196,4.875197323201151
2010-09-01,AL,40.0,1001.0,112.0,152.0,0.8333333333333334,1.6666666666666667,55.0,-1.56,3.6888794541139363,6.90875477931522,4.718498871295094,4.007333185232471,5.0238805208462765
2011-08-01,AL,30.0,1006.0,89.0,119.0,0.0,0.0,30.0,-0.58,3.4011973816621555,6.913737350659685,4.48863636973214,3.4011973816621555,4.77912349311153
2012-08-01,AL,30.0,1009.0,107.0,137.0,0.8333333333333334,0.0,35.0,0.41,3.4011973816621555,6.9167150203536085,4.672828834461906,3.5553480614894135,4.919980925828125
2013-09-01,AL,30.0,1002.0,121.0,151.0,0.0,0.0,55.0,-0.21,3.4011973816621555,6.90975328164481,4.795790545596741,4.007333185232471,5.017279836814924
2015-09-01,AL,30.0,1006.0,96.0,126.0,0.0,0.8333333333333334,35.0,2.21,3.4011973816621555,6.913737350659685,4.564348191467836,3.5553480614894135,4.836281906951478
2016-09-01,AL,35.0,1003.0,98.0,133.0,0.0,0.0,45.0,-0.58,3.5553480614894135,6.910750787961936,4.584967478670572,3.8066624897703196,4.890349128221754
2018-09-01,AL,40.0,1006.0,96.0,136.0,0.0,0.0,40.0,0.53,3.6888794541139363,6.913737350659685,4.564348191467836,3.6888794541139363,4.912654885736052
2019-09-01,AL,30.0,1007.0,111.0,141.0,0.0,0.0,50.0,0.23,3.4011973816621555,6.914730892718563,4.709530201312334,3.912023005428146,4.948759890378168
2021-08-01,AL,30.0,1008.0,97.0,127.0,0.0,0.0,30.0,-0.45,3.4011973816621555,6.915723448631314,4.574710978503383,3.4011973816621555,4.844187086458591
1984-09-01,AL,40.0,1000.0,104.0,144.0,0.8333333333333334,0.8333333333333334,55.0,-0.24,3.6888794541139363,6.907755278982137,4.6443908991413725,4.007333185232471,4.969813299576001
1985-10-01,AL,40.0,1006.0,115.0,155.0,0.8333333333333334,0.8333333333333334,55.0,-0.35,3.6888794541139363,6.913737350659685,4.74493212836325,4.007333185232471,5.043425116919247
1988-10-01,AL,35.0,1005.0,110.0,145.0,0.8333333333333334,0.8333333333333334,50.0,-1.48,3.5553480614894135,6.912742820493176,4.700480365792417,3.912023005428146,4.976733742420574
1989-09-01,AL,30.0,1009.0,89.0,119.0,0.0,0.8333333333333334,40.0,-0.24,3.4011973816621555,6.9167150203536085,4.48863636973214,3.6888794541139363,4.77912349311153
1991-10-01,AL,35.0,1005.0,114.0,149.0,0.8333333333333334,0.8333333333333334,50.0,0.79,3.5553480614894135,6.912742820493176,4.736198448394496,3.912023005428146,5.003946305945459
1994-11-01,AL,35.0,1009.0,113.0,148.0,0.8333333333333334,0.0,35.0,1.01,3.5553480614894135,6.9167150203536085,4.727387818712341,3.5553480614894135,4.997212273764115
1995-08-01,AL,30.0,1008.0,122.0,152.0,0.8333333333333334,0.8333333333333334,35.0,-0.54,3.4011973816621555,6.915723448631314,4.804021044733257,3.5553480614894135,5.0238805208462765
1998-09-01,AL,35.0,1003.0,75.0,110.0,0.8333333333333334,0.8333333333333334,50.0,-1.31,3.5553480614894135,6.910750787961936,4.31748811353631,3.912023005428146,4.700480365792417
1999-10-01,AL,30.0,1003.0,97.0,127.0,0.0,0.0,30.0,-1.26,3.4011973816621555,6.910750787961936,4.574710978503383,3.4011973816621555,4.844187086458591
2000-09-01,AL,25.0,1007.0,107.0,132.0,0.0,0.0,40.0,-0.55,3.2188758248682006,6.914730892718563,4.672828834461906,3.6888794541139363,4.882801922586371
2001-10-01,AL,30.0,1010.0,115.0,145.0,0.8333333333333334,0.0,50.0,-0.29,3.4011973816621555,6.917705609835305,4.74493212836325,3.912023005428146,4.976733742420574
2002-09-01,AL,30.0,1014.0,103.0,133.0,0.0,0.0,35.0,1.01,3.4011973816621555,6.921658184151129,4.634728988229636,3.5553480614894135,4.890349128221754
2003-08-01,AL,35.0,1008.0,104.0,139.0,0.8333333333333334,0.0,35.0,0.21,3.5553480614894135,6.915723448631314,4.6443908991413725,3.5553480614894135,4.9344739331306915
2004-09-01,AL,30.0,1009.0,115.0,145.0,0.0,0.8333333333333334,55.0,0.7,3.4011973816621555,6.9167150203536085,4.74493212836325,4.007333185232471,4.976733742420574
2007-09-01,AL,35.0,1004.0,48.0,83.0,0.8333333333333334,0.0,35.0,-1.07,3.5553480614894135,6.911747300251674,3.871201010907891,3.5553480614894135,4.418840607796598
2008-09-01,AL,40.0,1002.0,95.0,135.0,0.8333333333333334,0.8333333333333334,50.0,-0.24,3.6888794541139363,6.90975328164481,4.553876891600541,3.912023005428146,4.90527477843843
2009-11-01,AL,45.0,998.0,99.0,144.0,0.8333333333333334,1.6666666666666667,70.0,1.36,3.8066624897703196,6.905753276311464,4.59511985013459,4.248495242049359,4.969813299576001
2010-09-01,AL,40.0,1005.0,92.0,132.0,1.6666666666666667,0.0,40.0,-1.56,3.6888794541139363,6.912742820493176,4.5217885770490405,3.6888794541139363,4.882801922586371
2011-08-01,AL,35.0,1008.0,112.0,147.0,0.8333333333333334,0.0,40.0,-0.58,3.5553480614894135,6.915723448631314,4.718498871295094,3.6888794541139363,4.990432586778736
2012-08-01,AL,40.0,1003.0,90.0,130.0,1.6666666666666667,0.0,55.0,0.41,3.6888794541139363,6.910750787961936,4.499809670330265,4.007333185232471,4.867534450455582
2013-09-01,AL,30.0,1010.0,120.0,150.0,0.0,0.0,35.0,-0.21,3.4011973816621555,6.917705609835305,4.787491742782046,3.5553480614894135,5.0106352940962555
2015-09-01,AL,30.0,1006.0,128.0,158.0,0.0,0.0,45.0,2.21,3.4011973816621555,6.913737350659685,4.852030263919617,3.8066624897703196,5.062595033026967
2016-09-01,AL,45.0,1010.0,94.0,139.0,0.8333333333333334,1.6666666666666667,45.0,-0.58,3.8066624897703196,6.917705609835305,4.543294782270004,3.8066624897703196,4.9344739331306915
2017-08-01,AL,45.0,1006.0,76.0,121.0,0.8333333333333334,1.6666666666666667,80.0,-0.07,3.8066624897703196,6.913737350659685,4.330733340286331,4.382026634673881,4.795790545596741
2019-09-01,AL,40.0,1003.0,125.0,155.0,1.6666666666666667,-1.6666666666666667,30.0,0.23,3.6888794541139363,6.910750787961936,4.8283137373023015,3.4011973816621555,5.043425116919247
2020-08-01,AL,30.0,1008.0,111.0,141.0,0.0,0.0,30.0,-0.53,3.4011973816621555,6.915723448631314,4.709530201312334,3.4011973816621555,4.948759890378168
2021-08-01,AL,35.0,1003.0,103.0,138.0,0.0,0.8333333333333334,50.0,-0.45,3.5553480614894135,6.910750787961936,4.634728988229636,3.912023005428146,4.927253685157205
1984-09-01,AL,30.0,1010.0,113.0,143.0,0.0,0.8333333333333334,45.0,-0.24,3.4011973816621555,6.917705609835305,4.727387818712341,3.8066624897703196,4.962844630259907
1985-10-01,AL,35.0,999.0,129.0,164.0,0.0,0.8333333333333334,55.0,-0.35,3.5553480614894135,6.906754778648554,4.859812404361672,4.007333185232471,5.099866427824199
1987-09-01,AL,30.0,1006.0,112.0,142.0,0.0,0.8333333333333334,45.0,1.65,3.4011973816621555,6.913737350659685,4.718498871295094,3.8066624897703196,4.955827057601261
1988-11-01,AL,30.0,1008.0,112.0,142.0,0.0,0.0,30.0,-1.8,3.4011973816621555,6.915723448631314,4.718498871295094,3.4011973816621555,4.955827057601261
1989-09-01,AL,30.0,1009.0,97.0,127.0,0.8333333333333334,0.0,35.0,-0.24,3.4011973816621555,6.9167150203536085,4.574710978503383,3.5553480614894135,4.844187086458591
1990-09-01,AL,30.0,1008.0,85.0,115.0,0.0,0.0,30.0,0.39,3.4011973816621555,6.915723448631314,4.442651256490317,3.4011973816621555,4.74493212836325
1991-10-01,AL,55.0,993.0,42.0,97.0,1.6666666666666667,0.8333333333333334,65.0,0.79,4.007333185232471,6.900730664045173,3.7376696182833684,4.174387269895637,4.574710978503383
1994-11-01,AL,30.0,1007.0,122.0,152.0,0.0,0.8333333333333334,30.0,1.01,3.4011973816621555,6.914730892718563,4.804021044733257,3.4011973816621555,5.0238805208462765
1995-08-01,AL,30.0,1008.0,86.0,116.0,0.0,0.0,30.0,-0.54,3.4011973816621555,6.915723448631314,4.454347296253507,3.4011973816621555,4.7535901911063645
1996-10-01,AL,25.0,1005.0,123.0,148.0,0.0,0.0,30.0,-0.4,3.2188758248682006,6.912742820493176,4.812184355372417,3.4011973816621555,4.997212273764115
1998-10-01,AL,35.0,1007.0,115.0,150.0,0.8333333333333334,0.0,45.0,-1.35,3.5553480614894135,6.914730892718563,4.74493212836325,3.8066624897703196,5.0106352940962555
1999-10-01,AL,30.0,1007.0,109.0,139.0,0.0,0.0,30.0,-1.26,3.4011973816621555,6.914730892718563,4.6913478822291435,3.4011973816621555,4.9344739331306915
2000-09-01,AL,25.0,1010.0,109.0,134.0,0.0,0.0,35.0,-0.55,3.2188758248682006,6.917705609835305,4.6913478822291435,3.5553480614894135,4.897839799950911
2001-10-01,AL,35.0,1007.0,107.0,142.0,0.8333333333333334,0.8333333333333334,45.0,-0.29,3.5553480614894135,6.914730892718563,4.672828834461906,3.8066624897703196,4.955827057601261
2002-09-01,AL,35.0,1007.0,98.0,133.0,0.8333333333333334,0.8333333333333334,45.0,1.01,3.5553480614894135,6.914730892718563,4.584967478670572,3.8066624897703196,4.890349128221754
2003-09-01,AL,25.0,1009.0,119.0,144.0,0.0,0.0,35.0,0.26,3.2188758248682006,6.9167150203536085,4.77912349311153,3.5553480614894135,4.969813299576001
2004-09-01,AL,35.0,1005.0,107.0,142.0,0.0,0.8333333333333334,55.0,0.7,3.5553480614894135,6.912742820493176,4.672828834461906,4.007333185232471,4.955827057601261
2005-08-01,AL,30.0,1007.0,125.0,155.0,0.0,0.0,50.0,-0.14,3.4011973816621555,6.914730892718563,4.8283137373023015,3.912023005428146,5.043425116919247
2007-09-01,AL,35.0,1005.0,89.0,124.0,0.8333333333333334,0.0,65.0,-1.07,3.5553480614894135,6.912742820493176,4.48863636973214,4.174387269895637,4.820281565605037
2008-09-01,AL,50.0,995.0,69.0,119.0,0.0,0.0,50.0,-0.24,3.912023005428146,6.902742737158593,4.23410650459726,3.912023005428146,4.77912349311153
2010-09-01,AL,35.0,1005.0,86.0,121.0,0.0,0.8333333333333334,45.0,-1.56,3.5553480614894135,6.912742820493176,4.454347296253507,3.8066624897703196,4.795790545596741
2011-08-01,AL,30.0,1008.0,98.0,128.0,0.8333333333333334,0.0,50.0,-0.58,3.4011973816621555,6.915723448631314,4.584967478670572,3.912023005428146,4.852030263919617
2012-08-01,AL,35.0,1005.0,89.0,124.0,0.0,0.8333333333333334,55.0,0.41,3.5553480614894135,6.912742820493176,4.48863636973214,4.007333185232471,4.820281565605037
2013-10-01,AL,55.0,1001.0,88.0,143.0,1.6666666666666667,0.0,50.0,-0.13,4.007333185232471,6.90875477931522,4.477336814478207,3.912023005428146,4.962844630259907
2015-11-01,AL,35.0,1010.0,107.0,142.0,0.0,0.8333333333333334,55.0,2.64,3.5553480614894135,6.917705609835305,4.672828834461906,4.007333185232471,4.955827057601261
2016-09-01,AL,30.0,1009.0,86.0,116.0,0.8333333333333334,0.0,35.0,-0.58,3.4011973816621555,6.9167150203536085,4.454347296253507,3.5553480614894135,4.7535901911063645
2017-09-01,AL,40.0,1006.0,112.0,152.0,0.8333333333333334,0.8333333333333334,65.0,-0.34,3.6888794541139363,6.913737350659685,4.718498871295094,4.174387269895637,5.0238805208462765
2018-09-01,AL,35.0,1005.0,89.0,124.0,0.8333333333333334,0.0,55.0,0.53,3.5553480614894135,6.912742820493176,4.48863636973214,4.007333185232471,4.820281565605037
2019-09-01,AL,35.0,1007.0,124.0,159.0,0.8333333333333334,0.0,35.0,0.23,3.5553480614894135,6.914730892718563,4.820281565605037,3.5553480614894135,5.0689042022202315
2021-08-01,AL,40.0,1004.0,86.0,126.0,0.8333333333333334,0.8333333333333334,65.0,-0.45,3.6888794541139363,6.911747300251674,4.454347296253507,4.174387269895637,4.836281906951478
2022-10-01,AL,30.0,1007.0,117.0,147.0,0.0,0.0,30.0,-0.94,3.4011973816621555,6.914730892718563,4.762173934797756,3.4011973816621555,4.990432586778736
1984-09-01,AL,30.0,1009.0,110.0,140.0,0.0,0.0,30.0,-0.24,3.4011973816621555,6.9167150203536085,4.700480365792417,3.4011973816621555,4.941642422609304
1985-11-01,AL,50.0,996.0,105.0,155.0,1.6666666666666667,0.8333333333333334,75.0,-0.27,3.912023005428146,6.903747257584598,4.653960350157523,4.31748811353631,5.043425116919247
1987-10-01,AL,25.0,1001.0,124.0,149.0,0.0,0.0,35.0,1.48,3.2188758248682006,6.90875477931522,4.820281565605037,3.5553480614894135,5.003946305945459
1990-10-01,AL,45.0,1005.0,101.0,146.0,0.8333333333333334,1.6666666666666667,55.0,0.35,3.8066624897703196,6.912742820493176,4.61512051684126,4.007333185232471,4.983606621708336
1995-08-01,AL,40.0,1000.0,80.0,120.0,0.8333333333333334,0.8333333333333334,40.0,-0.54,3.6888794541139363,6.907755278982137,4.382026634673881,3.6888794541139363,4.787491742782046
1996-11-01,AL,30.0,1007.0,120.0,150.0,0.0,0.0,30.0,-0.45,3.4011973816621555,6.914730892718563,4.787491742782046,3.4011973816621555,5.0106352940962555
1998-10-01,AL,30.0,1002.0,123.0,153.0,0.0,0.0,45.0,-1.35,3.4011973816621555,6.90975328164481,4.812184355372417,3.8066624897703196,5.030437921392435
1999-10-01,AL,45.0,1001.0,104.0,149.0,0.8333333333333334,1.6666666666666667,60.0,-1.26,3.8066624897703196,6.90875477931522,4.6443908991413725,4.0943445622221,5.003946305945459
2000-09-01,AL,35.0,1005.0,110.0,145.0,0.0,0.8333333333333334,50.0,-0.55,3.5553480614894135,6.912742820493176,4.700480365792417,3.912023005428146,4.976733742420574
2001-10-01,AL,60.0,988.0,50.0,110.0,0.0,0.0,60.0,-0.29,4.0943445622221,6.895682697747868,3.912023005428146,4.0943445622221,4.700480365792417
2002-09-01,AL,30.0,1006.0,109.0,139.0,0.8333333333333334,0.0,40.0,1.01,3.4011973816621555,6.913737350659685,4.6913478822291435,3.6888794541139363,4.9344739331306915
2003-09-01,AL,40.0,1003.0,92.0,132.0,0.8333333333333334,0.8333333333333334,65.0,0.26,3.6888794541139363,6.910750787961936,4.5217885770490405,4.174387269895637,4.882801922586371
2004-09-01,AL,30.0,1004.0,108.0,138.0,0.0,0.0,60.0,0.7,3.4011973816621555,6.911747300251674,4.68213122712422,4.0943445622221,4.927253685157205
2005-08-01,AL,25.0,1007.0,112.0,137.0,0.0,0.0,30.0,-0.14,3.2188758248682006,6.914730892718563,4.718498871295094,3.4011973816621555,4.919980925828125
2007-09-01,AL,25.0,1007.0,122.0,147.0,0.0,0.0,30.0,-1.07,3.2188758248682006,6.914730892718563,4.804021044733257,3.4011973816621555,4.990432586778736
2008-10-01,AL,40.0,1002.0,106.0,146.0,0.8333333333333334,1.6666666666666667,55.0,-0.35,3.6888794541139363,6.90975328164481,4.663439094112067,4.007333185232471,4.983606621708336
2010-09-01,AL,40.0,999.0,111.0,151.0,0.8333333333333334,0.8333333333333334,55.0,-1.56,3.6888794541139363,6.906754778648554,4.709530201312334,4.007333185232471,5.017279836814924
2011-09-01,AL,35.0,1005.0,138.0,173.0,0.0,0.8333333333333334,50.0,-0.79,3.5553480614894135,6.912742820493176,4.927253685157205,3.912023005428146,5.153291594497779
2012-09-01,AL,30.0,1013.0,95.0,125.0,0.0,0.8333333333333334,45.0,0.41,3.4011973816621555,6.920671504248683,4.553876891600541,3.8066624897703196,4.8283137373023015
2013-10-01,AL,35.0,1008.0,104.0,139.0,0.8333333333333334,0.0,45.0,-0.13,3.5553480614894135,6.915723448631314,4.6443908991413725,3.8066624897703196,4.9344739331306915
2016-09-01,AL,30.0,1007.0,109.0,139.0,0.0,0.0,40.0,-0.58,3.4011973816621555,6.914730892718563,4.6913478822291435,3.6888794541139363,4.9344739331306915
2017-09-01,AL,30.0,1008.0,127.0,157.0,0.8333333333333334,0.0,70.0,-0.34,3.4011973816621555,6.915723448631314,4.844187086458591,4.248495242049359,5.056245805348308
2018-09-01,AL,35.0,1002.0,77.0,112.0,0.0,0.0,35.0,0.53,3.5553480614894135,6.90975328164481,4.343805421853684,3.5553480614894135,4.718498871295094
2019-09-01,AL,40.0,1006.0,97.0,137.0,0.8333333333333334,0.8333333333333334,55.0,0.23,3.6888794541139363,6.913737350659685,4.574710978503383,4.007333185232471,4.919980925828125
2020-08-01,AL,30.0,1008.0,100.0,130.0,0.0,0.0,40.0,-0.53,3.4011973816621555,6.915723448631314,4.605170185988092,3.6888794541139363,4.867534450455582
2022-10-01,AL,35.0,1002.0,125.0,160.0,0.0,0.8333333333333334,55.0,-0.94,3.5553480614894135,6.90975328164481,4.8283137373023015,4.007333185232471,5.075173815233827
1984-09-01,AL,30.0,1005.0,112.0,142.0,0.0,0.0,40.0,-0.24,3.4011973816621555,6.912742820493176,4.718498871295094,3.6888794541139363,4.955827057601261
1989-10-01,AL,35.0,1004.0,120.0,155.0,0.8333333333333334,0.8333333333333334,55.0,-0.22,3.5553480614894135,6.911747300251674,4.787491742782046,4.007333185232471,5.043425116919247
1990-10-01,AL,50.0,998.0,58.0,108.0,0.8333333333333334,0.0,50.0,0.35,3.912023005428146,6.905753276311464,4.060443010546419,3.912023005428146,4.68213122712422
1995-09-01,AL,25.0,1009.0,89.0,114.0,0.0,0.0,25.0,-0.81,3.2188758248682006,6.9167150203536085,4.48863636973214,3.2188758248682006,4.736198448394496
1998-11-01,AL,45.0,1000.0,78.0,123.0,0.8333333333333334,1.6666666666666667,60.0,-1.48,3.8066624897703196,6.907755278982137,4.356708826689592,4.0943445622221,4.812184355372417
1999-10-01,AL,35.0,1004.0,125.0,160.0,0.8333333333333334,0.8333333333333334,55.0,-1.26,3.5553480614894135,6.911747300251674,4.8283137373023015,4.007333185232471,5.075173815233827
2000-09-01,AL,35.0,1008.0,113.0,148.0,0.8333333333333334,0.8333333333333334,50.0,-0.55,3.5553480614894135,6.915723448631314,4.727387818712341,3.912023005428146,4.997212273764115
2001-10-01,AL,30.0,1009.0,88.0,118.0,0.0,0.0,30.0,-0.29,3.4011973816621555,6.9167150203536085,4.477336814478207,3.4011973816621555,4.770684624465665
2002-10-01,AL,30.0,1004.0,109.0,139.0,0.0,0.0,30.0,1.21,3.4011973816621555,6.911747300251674,4.6913478822291435,3.4011973816621555,4.9344739331306915
2003-09-01,AL,25.0,1009.0,105.0,130.0,0.0,0.0,30.0,0.26,3.2188758248682006,6.9167150203536085,4.653960350157523,3.4011973816621555,4.867534450455582
2004-10-01,AL,40.0,1000.0,115.0,155.0,0.8333333333333334,0.8333333333333334,40.0,0.67,3.6888794541139363,6.907755278982137,4.74493212836325,3.6888794541139363,5.043425116919247
2005-09-01,AL,30.0,1008.0,99.0,129.0,0.0,0.0,45.0,-0.11,3.4011973816621555,6.915723448631314,4.59511985013459,3.8066624897703196,4.859812404361672
2007-09-01,AL,30.0,1008.0,108.0,138.0,0.8333333333333334,0.0,35.0,-1.07,3.4011973816621555,6.915723448631314,4.68213122712422,3.5553480614894135,4.927253685157205
2008-10-01,AL,35.0,1005.0,98.0,133.0,0.8333333333333334,0.0,35.0,-0.35,3.5553480614894135,6.912742820493176,4.584967478670572,3.5553480614894135,4.890349128221754
2010-09-01,AL,40.0,1003.0,86.0,126.0,0.8333333333333334,0.8333333333333334,40.0,-1.56,3.6888794541139363,6.910750787961936,4.454347296253507,3.6888794541139363,4.836281906951478
2011-09-01,AL,40.0,1006.0,97.0,137.0,0.8333333333333334,0.8333333333333334,45.0,-0.79,3.6888794541139363,6.913737350659685,4.574710978503383,3.8066624897703196,4.919980925828125
2012-09-01,AL,25.0,1007.0,103.0,128.0,0.0,0.0,35.0,0.41,3.2188758248682006,6.914730892718563,4.634728988229636,3.5553480614894135,4.852030263919617
2013-11-01,AL,50.0,985.0,66.0,116.0,0.0,0.0,55.0,-0.1,3.912023005428146,6.892641641172089,4.189654742026425,4.007333185232471,4.7535901911063645
2016-09-01,AL,55.0,1004.0,93.0,148.0,0.0,0.8333333333333334,70.0,-0.58,4.007333185232471,6.911747300251674,4.532599493153256,4.248495242049359,4.997212273764115
2017-09-01,AL,30.0,1008.0,119.0,149.0,0.8333333333333334,0.0,30.0,-0.34,3.4011973816621555,6.915723448631314,4.77912349311153,3.4011973816621555,5.003946305945459
2018-10-01,AL,45.0,999.0,111.0,156.0,0.8333333333333334,1.6666666666666667,75.0,0.81,3.8066624897703196,6.906754778648554,4.709530201312334,4.31748811353631,5.049856007249537
2019-10-01,AL,55.0,994.0,45.0,95.0,-0.8333333333333334,0.0,50.0,0.39,4.007333185232471,6.901737206656574,3.8066624897703196,3.912023005428146,4.553876891600541
2020-08-01,AL,30.0,1007.0,117.0,147.0,0.0,0.0,55.0,-0.53,3.4011973816621555,6.914730892718563,4.762173934797756,4.007333185232471,4.990432586778736
2021-09-01,AL,40.0,1007.0,122.0,162.0,0.0,0.8333333333333334,65.0,-0.63,3.6888794541139363,6.914730892718563,4.804021044733257,4.174387269895637,5.087596335232384
2022-10-01,AL,35.0,1005.0,112.0,147.0,0.8333333333333334,0.0,50.0,-0.94,3.5553480614894135,6.912742820493176,4.718498871295094,3.912023005428146,4.990432586778736
1984-09-01,AL,30.0,1002.0,123.0,153.0,0.0,0.0,45.0,-0.24,3.4011973816621555,6.90975328164481,4.812184355372417,3.8066624897703196,5.030437921392435
1989-11-01,AL,30.0,1004.0,113.0,143.0,0.8333333333333334,0.0,35.0,-0.16,3.4011973816621555,6.911747300251674,4.727387818712341,3.5553480614894135,4.962844630259907
1990-10-01,AL,30.0,1000.0,121.0,151.0,0.8333333333333334,0.0,50.0,0.35,3.4011973816621555,6.907755278982137,4.795790545596741,3.912023005428146,5.017279836814924
1995-09-01,AL,45.0,999.0,105.0,150.0,0.8333333333333334,1.6666666666666667,70.0,-0.81,3.8066624897703196,6.906754778648554,4.653960350157523,4.248495242049359,5.0106352940962555
1999-10-01,AL,30.0,1001.0,113.0,143.0,0.0,0.0,35.0,-1.26,3.4011973816621555,6.90875477931522,4.727387818712341,3.5553480614894135,4.962844630259907
2000-09-01,AL,30.0,1003.0,116.0,146.0,0.0,0.8333333333333334,55.0,-0.55,3.4011973816621555,6.910750787961936,4.7535901911063645,4.007333185232471,4.983606621708336
2001-10-01,AL,30.0,1004.0,134.0,164.0,0.0,0.0,30.0,-0.29,3.4011973816621555,6.911747300251674,4.897839799950911,3.4011973816621555,5.099866427824199
2003-09-01,AL,35.0,1006.0,108.0,143.0,0.8333333333333334,0.8333333333333334,55.0,0.26,3.5553480614894135,6.913737350659685,4.68213122712422,4.007333185232471,4.962844630259907
2004-10-01,AL,40.0,998.0,78.0,118.0,0.0,0.0,45.0,0.67,3.6888794541139363,6.905753276311464,4.356708826689592,3.8066624897703196,4.770684624465665
2005-09-01,AL,40.0,1002.0,103.0,143.0,0.8333333333333334,0.8333333333333334,60.0,-0.11,3.6888794541139363,6.90975328164481,4.634728988229636,4.0943445622221,4.962844630259907
2008-10-01,AL,30.0,1004.0,118.0,148.0,0.8333333333333334,0.0,60.0,-0.35,3.4011973816621555,6.911747300251674,4.770684624465665,4.0943445622221,4.997212273764115
2010-09-01,AL,40.0,1005.0,120.0,160.0,0.8333333333333334,0.8333333333333334,50.0,-1.56,3.6888794541139363,6.912742820493176,4.787491742782046,3.912023005428146,5.075173815233827
2011-09-01,AL,50.0,1000.0,114.0,164.0,0.8333333333333334,0.8333333333333334,65.0,-0.79,3.912023005428146,6.907755278982137,4.736198448394496,4.174387269895637,5.099866427824199
2012-10-01,AL,35.0,1005.0,97.0,132.0,0.0,0.8333333333333334,45.0,0.31,3.5553480614894135,6.912742820493176,4.574710978503383,3.8066624897703196,4.882801922586371
2013-12-01,AL,45.0,997.0,57.0,102.0,0.0,0.0,40.0,-0.15,3.8066624897703196,6.904750769961838,4.04305126783455,3.6888794541139363,4.624972813284271
2016-10-01,AL,45.0,1002.0,108.0,153.0,0.8333333333333334,0.8333333333333334,50.0,-0.64,3.8066624897703196,6.90975328164481,4.68213122712422,3.912023005428146,5.030437921392435
2017-09-01,AL,45.0,1002.0,99.0,144.0,1.6666666666666667,0.8333333333333334,75.0,-0.34,3.8066624897703196,6.90975328164481,4.59511985013459,4.31748811353631,4.969813299576001
2018-10-01,AL,40.0,1004.0,101.0,141.0,0.8333333333333334,0.8333333333333334,55.0,0.81,3.6888794541139363,6.911747300251674,4.61512051684126,4.007333185232471,4.948759890378168
2019-10-01,AL,30.0,1006.0,112.0,142.0,0.0,0.0,30.0,0.39,3.4011973816621555,6.913737350659685,4.718498871295094,3.4011973816621555,4.955827057601261
2020-08-01,AL,30.0,1008.0,121.0,151.0,0.0,0.0,35.0,-0.53,3.4011973816621555,6.915723448631314,4.795790545596741,3.5553480614894135,5.017279836814924
2022-10-01,AL,40.0,1002.0,126.0,166.0,0.8333333333333334,0.0,55.0,-0.94,3.6888794541139363,6.90975328164481,4.836281906951478,4.007333185232471,5.111987788356544
1984-10-01,AL,25.0,1008.0,128.0,153.0,0.0,0.0,50.0,-0.56,3.2188758248682006,6.915723448631314,4.852030263919617,3.912023005428146,5.030437921392435
1990-10-01,AL,30.0,1006.0,122.0,152.0,0.8333333333333334,0.0,55.0,0.35,3.4011973816621555,6.913737350659685,4.804021044733257,4.007333185232471,5.0238805208462765
1995-09-01,AL,30.0,1005.0,122.0,152.0,0.8333333333333334,0.0,50.0,-0.81,3.4011973816621555,6.912742820493176,4.804021044733257,3.912023005428146,5.0238805208462765
1999-11-01,AL,30.0,1002.0,118.0,148.0,0.0,0.0,75.0,-1.46,3.4011973816621555,6.90975328164481,4.770684624465665,4.31748811353631,4.997212273764115
2000-10-01,AL,30.0,1010.0,118.0,148.0,0.0,0.0,35.0,-0.63,3.4011973816621555,6.917705609835305,4.770684624465665,3.5553480614894135,4.997212273764115
2001-11-01,AL,45.0,988.0,74.0,119.0,0.0,0.0,65.0,-0.35,3.8066624897703196,6.895682697747868,4.30406509320417,4.174387269895637,4.77912349311153
2003-09-01,AL,30.0,1008.0,95.0,125.0,0.0,0.0,30.0,0.26,3.4011973816621555,6.915723448631314,4.553876891600541,3.4011973816621555,4.8283137373023015
2004-11-01,AL,45.0,997.0,50.0,95.0,0.8333333333333334,0.0,45.0,0.66,3.8066624897703196,6.904750769961838,3.912023005428146,3.8066624897703196,4.553876891600541
2005-09-01,AL,25.0,1009.0,132.0,157.0,0.0,0.0,45.0,-0.11,3.2188758248682006,6.9167150203536085,4.882801922586371,3.8066624897703196,5.056245805348308
2007-10-01,AL,40.0,999.0,108.0,148.0,0.0,1.6666666666666667,50.0,-1.34,3.6888794541139363,6.906754778648554,4.68213122712422,3.912023005428146,4.997212273764115
2011-09-01,AL,45.0,1004.0,91.0,136.0,1.6666666666666667,0.8333333333333334,55.0,-0.79,3.8066624897703196,6.911747300251674,4.51085950651685,4.007333185232471,4.912654885736052
2012-10-01,AL,35.0,1008.0,130.0,165.0,0.8333333333333334,0.0,40.0,0.31,3.5553480614894135,6.915723448631314,4.867534450455582,3.6888794541139363,5.10594547390058
2016-11-01,AL,35.0,1002.0,132.0,167.0,0.0,0.8333333333333334,55.0,-0.6,3.5553480614894135,6.90975328164481,4.882801922586371,4.007333185232471,5.117993812416755
2017-10-01,AL,30.0,1004.0,141.0,171.0,0.8333333333333334,0.0,35.0,-0.6,3.4011973816621555,6.911747300251674,4.948759890378168,3.5553480614894135,5.14166355650266
2018-10-01,AL,45.0,998.0,82.0,127.0,0.8333333333333334,0.8333333333333334,55.0,0.81,3.8066624897703196,6.905753276311464,4.406719247264253,4.007333185232471,4.844187086458591
2020-09-01,AL,50.0,1002.0,82.0,132.0,0.8333333333333334,1.6666666666666667,50.0,-0.85,3.912023005428146,6.90975328164481,4.406719247264253,3.912023005428146,4.882801922586371
2021-09-01,AL,40.0,1006.0,94.0,134.0,0.8333333333333334,0.8333333333333334,45.0,-0.63,3.6888794541139363,6.913737350659685,4.543294782270004,3.8066624897703196,4.897839799950911
2022-11-01,AL,50.0,991.0,76.0,126.0,0.8333333333333334,0.8333333333333334,75.0,-0.85,3.912023005428146,6.898714534329988,4.330733340286331,4.31748811353631,4.836281906951478
1995-09-01,AL,25.0,1004.0,123.0,148.0,0.0,0.0,25.0,-0.81,3.2188758248682006,6.911747300251674,4.812184355372417,3.2188758248682006,4.997212273764115
2000-10-01,AL,35.0,1005.0,66.0,101.0,0.0,0.8333333333333334,35.0,-0.63,3.5553480614894135,6.912742820493176,4.189654742026425,3.5553480614894135,4.61512051684126
2001-11-01,AL,50.0,989.0,61.0,111.0,0.0,0.0,55.0,-0.35,3.912023005428146,6.8966943316227125,4.110873864173311,4.007333185232471,4.709530201312334
2003-10-01,AL,45.0,1000.0,130.0,175.0,0.0,0.0,55.0,0.29,3.8066624897703196,6.907755278982137,4.867534450455582,4.007333185232471,5.1647859739235145
2005-09-01,AL,40.0,1003.0,110.0,150.0,0.8333333333333334,0.8333333333333334,65.0,-0.11,3.6888794541139363,6.910750787961936,4.700480365792417,4.174387269895637,5.0106352940962555
2007-12-01,AL,45.0,1004.0,95.0,140.0,0.8333333333333334,0.8333333333333334,50.0,-1.6,3.8066624897703196,6.911747300251674,4.553876891600541,3.912023005428146,4.941642422609304
2008-11-01,AL,35.0,1003.0,119.0,154.0,0.8333333333333334,0.8333333333333334,65.0,-0.55,3.5553480614894135,6.910750787961936,4.77912349311153,4.174387269895637,5.0369526024136295
2010-10-01,AL,50.0,991.0,87.0,137.0,1.6666666666666667,1.6666666666666667,55.0,-1.64,3.912023005428146,6.898714534329988,4.465908118654584,4.007333185232471,4.919980925828125
2011-09-01,AL,35.0,1006.0,98.0,133.0,0.8333333333333334,0.0,45.0,-0.79,3.5553480614894135,6.913737350659685,4.584967478670572,3.8066624897703196,4.890349128221754
2012-10-01,AL,35.0,1006.0,122.0,157.0,0.0,0.0,45.0,0.31,3.5553480614894135,6.913737350659685,4.804021044733257,3.8066624897703196,5.056245805348308
2017-10-01,AL,40.0,1005.0,93.0,133.0,0.0,0.8333333333333334,45.0,-0.6,3.6888794541139363,6.912742820493176,4.532599493153256,3.8066624897703196,4.890349128221754
2020-09-01,AL,35.0,1005.0,87.0,122.0,0.0,0.8333333333333334,50.0,-0.85,3.5553480614894135,6.912742820493176,4.465908118654584,3.912023005428146,4.804021044733257
2021-09-01,AL,30.0,1008.0,108.0,138.0,0.0,0.0,35.0,-0.63,3.4011973816621555,6.915723448631314,4.68213122712422,3.5553480614894135,4.927253685157205
2022-11-01,AL,40.0,1001.0,85.0,125.0,0.0,0.0,50.0,-0.85,3.6888794541139363,6.90875477931522,4.442651256490317,3.912023005428146,4.8283137373023015
1984-11-01,AL,20.0,1003.0,128.0,148.0,0.0,0.8333333333333334,45.0,-0.92,2.995732273553991,6.910750787961936,4.852030263919617,3.8066624897703196,4.997212273764115
1995-10-01,AL,30.0,1008.0,118.0,148.0,0.0,0.0,50.0,-0.97,3.4011973816621555,6.915723448631314,4.770684624465665,3.912023005428146,4.997212273764115
2000-10-01,AL,30.0,1008.0,110.0,140.0,0.8333333333333334,0.0,50.0,-0.63,3.4011973816621555,6.915723448631314,4.700480365792417,3.912023005428146,4.941642422609304
2003-10-01,AL,40.0,1002.0,103.0,143.0,0.0,0.0,35.0,0.29,3.6888794541139363,6.90975328164481,4.634728988229636,3.5553480614894135,4.962844630259907
2005-09-01,AL,30.0,1007.0,123.0,153.0,0.0,0.8333333333333334,55.0,-0.11,3.4011973816621555,6.914730892718563,4.812184355372417,4.007333185232471,5.030437921392435
2010-10-01,AL,45.0,1004.0,110.0,155.0,0.8333333333333334,1.6666666666666667,75.0,-1.64,3.8066624897703196,6.911747300251674,4.700480365792417,4.31748811353631,5.043425116919247
2011-10-01,AL,30.0,1005.0,140.0,170.0,0.0,0.8333333333333334,65.0,-0.96,3.4011973816621555,6.912742820493176,4.941642422609304,4.174387269895637,5.135798437050262
2012-10-01,AL,40.0,998.0,117.0,157.0,0.8333333333333334,0.8333333333333334,55.0,0.31,3.6888794541139363,6.905753276311464,4.762173934797756,4.007333185232471,5.056245805348308
2019-10-01,AL,45.0,988.0,44.0,84.0,0.0,-0.8333333333333334,45.0,0.39,3.8066624897703196,6.895682697747868,3.784189633918261,3.8066624897703196,4.430816798843313
2020-09-01,AL,35.0,1002.0,92.0,127.0,0.0,0.8333333333333334,35.0,-0.85,3.5553480614894135,6.90975328164481,4.5217885770490405,3.5553480614894135,4.844187086458591
2021-09-01,AL,35.0,1006.0,111.0,146.0,0.0,0.8333333333333334,65.0,-0.63,3.5553480614894135,6.913737350659685,4.709530201312334,4.174387269895637,4.983606621708336
1995-10-01,AL,25.0,1005.0,134.0,159.0,0.0,0.0,40.0,-0.97,3.2188758248682006,6.912742820493176,4.897839799950911,3.6888794541139363,5.0689042022202315
2000-10-01,AL,35.0,1003.0,107.0,142.0,0.0,0.0,50.0,-0.63,3.5553480614894135,6.910750787961936,4.672828834461906,3.912023005428146,4.955827057601261
2003-10-01,AL,25.0,1008.0,123.0,148.0,0.0,0.0,30.0,0.29,3.2188758248682006,6.915723448631314,4.812184355372417,3.4011973816621555,4.997212273764115
2005-09-01,AL,30.0,1006.0,119.0,149.0,0.8333333333333334,0.0,30.0,-0.11,3.4011973816621555,6.913737350659685,4.77912349311153,3.4011973816621555,5.003946305945459
2010-10-01,AL,30.0,1008.0,125.0,155.0,0.0,0.0,35.0,-1.64,3.4011973816621555,6.915723448631314,4.8283137373023015,3.5553480614894135,5.043425116919247
2011-11-01,AL,45.0,999.0,73.0,118.0,0.8333333333333334,0.0,55.0,-1.02,3.8066624897703196,6.906754778648554,4.290459441148391,4.007333185232471,4.770684624465665
2012-10-01,AL,30.0,1006.0,111.0,141.0,0.0,0.0,40.0,0.31,3.4011973816621555,6.913737350659685,4.709530201312334,3.6888794541139363,4.948759890378168
2017-11-01,AL,30.0,1010.0,96.0,126.0,0.0,0.0,40.0,-0.77,3.4011973816621555,6.917705609835305,4.564348191467836,3.6888794541139363,4.836281906951478
2019-10-01,AL,45.0,982.0,54.0,99.0,0.0,0.0,40.0,0.39,3.8066624897703196,6.889591308354466,3.9889840465642745,3.6888794541139363,4.59511985013459
2020-09-01,AL,30.0,1003.0,128.0,158.0,0.0,0.0,45.0,-0.85,3.4011973816621555,6.910750787961936,4.852030263919617,3.8066624897703196,5.062595033026967
1984-12-01,AL,55.0,993.0,18.0,73.0,0.0,0.8333333333333334,55.0,-1.14,4.007333185232471,6.900730664045173,2.8903717578961645,4.007333185232471,4.290459441148391
1995-10-01,AL,35.0,1004.0,108.0,143.0,0.8333333333333334,0.8333333333333334,40.0,-0.97,3.5553480614894135,6.911747300251674,4.68213122712422,3.6888794541139363,4.962844630259907
2003-12-01,AL,45.0,1000.0,112.0,157.0,0.8333333333333334,1.6666666666666667,50.0,0.35,3.8066624897703196,6.907755278982137,4.718498871295094,3.912023005428146,5.056245805348308
2005-10-01,AL,30.0,1004.0,112.0,142.0,0.8333333333333334,0.0,40.0,-0.29,3.4011973816621555,6.911747300251674,4.718498871295094,3.6888794541139363,4.955827057601261
2010-10-01,AL,40.0,1002.0,75.0,115.0,0.8333333333333334,0.8333333333333334,65.0,-1.64,3.6888794541139363,6.90975328164481,4.31748811353631,4.174387269895637,4.74493212836325
2011-09-01,AL,40.0,1004.0,85.0,125.0,0.8333333333333334,1.6666666666666667,40.0,-0.79,3.6888794541139363,6.911747300251674,4.442651256490317,3.6888794541139363,4.8283137373023015
2019-11-01,AL,40.0,1004.0,98.0,138.0,0.8333333333333334,0.0,45.0,0.58,3.6888794541139363,6.911747300251674,4.584967478670572,3.8066624897703196,4.927253685157205
2020-09-01,AL,30.0,1005.0,105.0,135.0,0.8333333333333334,0.0,30.0,-0.85,3.4011973816621555,6.912742820493176,4.653960350157523,3.4011973816621555,4.90527477843843
2021-09-01,AL,35.0,1005.0,118.0,153.0,0.8333333333333334,0.0,50.0,-0.63,3.5553480614894135,6.912742820493176,4.770684624465665,3.912023005428146,5.030437921392435
1995-10-01,AL,35.0,1001.0,111.0,146.0,0.0,0.8333333333333334,50.0,-0.97,3.5553480614894135,6.90875477931522,4.709530201312334,3.912023005428146,4.983606621708336
2003-12-01,AL,40.0,1004.0,86.0,126.0,0.0,0.0,40.0,0.35,3.6888794541139363,6.911747300251674,4.454347296253507,3.6888794541139363,4.836281906951478
2010-10-01,AL,45.0,998.0,109.0,154.0,0.8333333333333334,1.6666666666666667,80.0,-1.64,3.8066624897703196,6.905753276311464,4.6913478822291435,4.382026634673881,5.0369526024136295
2020-09-01,AL,40.0,1003.0,57.0,97.0,0.8333333333333334,0.8333333333333334,45.0,-0.85,3.6888794541139363,6.910750787961936,4.04305126783455,3.8066624897703196,4.574710978503383
2021-10-01,AL,45.0,986.0,35.0,80.0,0.0,0.8333333333333334,50.0,-0.76,3.8066624897703196,6.893656354602635,3.5553480614894135,3.912023005428146,4.382026634673881
2005-10-01,AL,45.0,1001.0,93.0,138.0,0.8333333333333334,0.8333333333333334,45.0,-0.29,3.8066624897703196,6.90875477931522,4.532599493153256,3.8066624897703196,4.927253685157205
2020-09-01,AL,30.0,1005.0,129.0,159.0,0.0,0.0,50.0,-0.85,3.4011973816621555,6.912742820493176,4.859812404361672,3.912023005428146,5.0689042022202315
2005-10-01,AL,30.0,1008.0,95.0,125.0,0.0,0.0,25.0,-0.29,3.4011973816621555,6.915723448631314,4.553876891600541,3.2188758248682006,4.8283137373023015
2020-09-01,AL,35.0,1006.0,102.0,137.0,0.0,0.0,35.0,-0.85,3.5553480614894135,6.913737350659685,4.624972813284271,3.5553480614894135,4.919980925828125
2005-10-01,AL,45.0,1000.0,44.0,89.0,0.8333333333333334,0.0,65.0,-0.29,3.8066624897703196,6.907755278982137,3.784189633918261,4.174387269895637,4.48863636973214
2020-09-01,AL,40.0,999.0,30.0,70.0,0.0,0.8333333333333334,45.0,-0.85,3.6888794541139363,6.906754778648554,3.4011973816621555,3.8066624897703196,4.248495242049359
2005-10-01,AL,30.0,1003.0,126.0,156.0,0.0,0.8333333333333334,35.0,-0.29,3.4011973816621555,6.910750787961936,4.836281906951478,3.5553480614894135,5.049856007249537
2020-10-01,AL,35.0,1002.0,130.0,165.0,0.0,0.8333333333333334,60.0,-1.12,3.5553480614894135,6.90975328164481,4.867534450455582,4.0943445622221,5.10594547390058
2005-10-01,AL,45.0,1000.0,97.0,142.0,0.8333333333333334,1.6666666666666667,45.0,-0.29,3.8066624897703196,6.907755278982137,4.574710978503383,3.8066624897703196,4.955827057601261
2020-10-01,AL,30.0,1006.0,136.0,166.0,0.0,0.0,75.0,-1.12,3.4011973816621555,6.913737350659685,4.912654885736052,4.31748811353631,5.111987788356544
2005-10-01,AL,35.0,1005.0,132.0,167.0,0.0,0.8333333333333334,50.0,-0.29,3.5553480614894135,6.912742820493176,4.882801922586371,3.912023005428146,5.117993812416755
2020-10-01,AL,40.0,998.0,101.0,141.0,0.8333333333333334,0.8333333333333334,55.0,-1.12,3.6888794541139363,6.905753276311464,4.61512051684126,4.007333185232471,4.948759890378168
2005-11-01,AL,30.0,1006.0,126.0,156.0,0.0,0.0,35.0,-0.57,3.4011973816621555,6.913737350659685,4.836281906951478,3.5553480614894135,5.049856007249537
2020-10-01,AL,35.0,1005.0,122.0,157.0,0.8333333333333334,0.8333333333333334,55.0,-1.12,3.5553480614894135,6.912742820493176,4.804021044733257,4.007333185232471,5.056245805348308
2005-11-01,AL,45.0,983.0,63.0,108.0,0.0,0.0,55.0,-0.57,3.8066624897703196,6.890609120147166,4.143134726391533,4.007333185232471,4.68213122712422
2020-10-01,AL,35.0,1005.0,116.0,151.0,0.8333333333333334,0.0,70.0,-1.12,3.5553480614894135,6.912742820493176,4.7535901911063645,4.248495242049359,5.017279836814924
2005-11-01,AL,45.0,993.0,59.0,104.0,0.0,0.0,55.0,-0.57,3.8066624897703196,6.900730664045173,4.07753744390572,4.007333185232471,4.6443908991413725
2020-11-01,AL,60.0,989.0,59.0,119.0,0.8333333333333334,0.8333333333333334,60.0,-1.2,4.0943445622221,6.8966943316227125,4.07753744390572,4.0943445622221,4.77912349311153
2005-12-01,AL,45.0,1002.0,48.0,93.0,1.6666666666666667,0.8333333333333334,50.0,-0.84,3.8066624897703196,6.90975328164481,3.871201010907891,3.912023005428146,4.532599493153256
2020-11-01,AL,35.0,1005.0,117.0,152.0,0.8333333333333334,0.0,55.0,-1.2,3.5553480614894135,6.912742820493176,4.762173934797756,4.007333185232471,5.0238805208462765
2001-09-01,CP,30.0,1006.0,104.0,134.0,0.0,0.8333333333333334,25.0,-0.19,3.4011973816621555,6.913737350659685,4.6443908991413725,3.2188758248682006,4.897839799950911
2002-08-01,CP,50.0,997.0,105.0,130.0,-4.166666666666667,0.0,30.0,0.86,3.912023005428146,6.904750769961838,4.653960350157523,3.4011973816621555,4.867534450455582
2003-08-01,CP,25.0,1009.0,114.0,139.0,0.0,0.0,25.0,0.21,3.2188758248682006,6.9167150203536085,4.736198448394496,3.2188758248682006,4.9344739331306915
2004-07-01,CP,20.0,1009.0,132.0,152.0,0.0,0.0,25.0,0.47,2.995732273553991,6.9167150203536085,4.882801922586371,3.2188758248682006,5.0238805208462765
2006-08-01,CP,40.0,1007.0,93.0,133.0,0.0,1.6666666666666667,75.0,0.3,3.6888794541139363,6.914730892718563,4.532599493153256,4.31748811353631,4.890349128221754
2008-08-01,CP,35.0,1008.0,80.0,115.0,0.8333333333333334,0.0,35.0,-0.23,3.5553480614894135,6.915723448631314,4.382026634673881,3.5553480614894135,4.74493212836325
2009-08-01,CP,35.0,1008.0,88.0,123.0,0.0,0.8333333333333334,35.0,0.58,3.5553480614894135,6.915723448631314,4.477336814478207,3.5553480614894135,4.812184355372417
2013-08-01,CP,35.0,1005.0,106.0,141.0,0.8333333333333334,0.0,55.0,-0.28,3.5553480614894135,6.912742820493176,4.663439094112067,4.007333185232471,4.948759890378168
2015-07-01,CP,30.0,1006.0,99.0,129.0,0.0,0.0,45.0,1.57,3.4011973816621555,6.913737350659685,4.59511985013459,3.8066624897703196,4.859812404361672
2016-01-01,CP,45.0,1000.0,115.0,160.0,0.8333333333333334,1.6666666666666667,60.0,2.63,3.8066624897703196,6.907755278982137,4.74493212836325,4.0943445622221,5.075173815233827
2018-09-01,CP,40.0,1003.0,114.0,154.0,0.8333333333333334,0.8333333333333334,75.0,0.53,3.6888794541139363,6.910750787961936,4.736198448394496,4.31748811353631,5.0369526024136295
2019-10-01,CP,45.0,1003.0,98.0,143.0,0.8333333333333334,1.6666666666666667,40.0,0.39,3.8066624897703196,6.910750787961936,4.584967478670572,3.6888794541139363,4.962844630259907
2001-09-01,CP,30.0,1008.0,111.0,141.0,0.0,0.8333333333333334,35.0,-0.19,3.4011973816621555,6.915723448631314,4.709530201312334,3.5553480614894135,4.948759890378168
2002-08-01,CP,15.0,1008.0,118.0,133.0,0.0,0.0,25.0,0.86,2.70805020110221,6.915723448631314,4.770684624465665,3.2188758248682006,4.890349128221754
2006-09-01,CP,30.0,1007.0,114.0,144.0,0.8333333333333334,0.0,30.0,0.54,3.4011973816621555,6.914730892718563,4.736198448394496,3.4011973816621555,4.969813299576001
2014-10-01,CP,40.0,1003.0,106.0,146.0,0.8333333333333334,0.8333333333333334,60.0,0.54,3.6888794541139363,6.910750787961936,4.663439094112067,4.0943445622221,4.983606621708336
2015-07-01,CP,30.0,1005.0,92.0,122.0,0.0,0.0,35.0,1.57,3.4011973816621555,6.912742820493176,4.5217885770490405,3.5553480614894135,4.804021044733257
2002-10-01,CP,20.0,1009.0,126.0,146.0,0.0,0.0,25.0,1.21,2.995732273553991,6.9167150203536085,4.836281906951478,3.2188758248682006,4.983606621708336
2009-10-01,CP,30.0,1007.0,117.0,147.0,0.8333333333333334,0.0,40.0,1.01,3.4011973816621555,6.914730892718563,4.762173934797756,3.6888794541139363,4.990432586778736
2015-08-01,CP,30.0,1005.0,112.0,142.0,0.0,0.0,30.0,1.91,3.4011973816621555,6.912742820493176,4.718498871295094,3.4011973816621555,4.955827057601261
2015-09-01,CP,30.0,1005.0,115.0,145.0,0.0,0.0,30.0,2.21,3.4011973816621555,6.912742820493176,4.74493212836325,3.4011973816621555,4.976733742420574
2015-09-01,CP,35.0,1002.0,104.0,139.0,0.8333333333333334,0.0,50.0,2.21,3.5553480614894135,6.90975328164481,4.6443908991413725,3.912023005428146,4.9344739331306915
2015-10-01,CP,35.0,1000.0,115.0,150.0,0.8333333333333334,0.0,35.0,2.47,3.5553480614894135,6.907755278982137,4.74493212836325,3.5553480614894135,5.0106352940962555
1988-06-01,EP,50.0,1000.0,93.0,143.0,0.8333333333333334,2.5,60.0,-1.3,3.912023005428146,6.907755278982137,4.532599493153256,4.0943445622221,4.962844630259907
1989-05-01,EP,35.0,1004.0,115.0,150.0,0.0,0.8333333333333334,55.0,-0.58,3.5553480614894135,6.911747300251674,4.74493212836325,4.007333185232471,5.0106352940962555
1990-05-01,EP,25.0,1008.0,136.0,161.0,0.0,0.0,35.0,0.29,3.2188758248682006,6.915723448631314,4.912654885736052,3.5553480614894135,5.081404364984463
1991-05-01,EP,30.0,1008.0,115.0,145.0,0.8333333333333334,0.8333333333333334,55.0,0.45,3.4011973816621555,6.915723448631314,4.74493212836325,4.007333185232471,4.976733742420574
1992-06-01,EP,35.0,1001.0,124.0,159.0,0.8333333333333334,0.8333333333333334,60.0,0.73,3.5553480614894135,6.90875477931522,4.820281565605037,4.0943445622221,5.0689042022202315
1993-06-01,EP,30.0,1009.0,125.0,155.0,0.0,0.8333333333333334,40.0,0.57,3.4011973816621555,6.9167150203536085,4.8283137373023015,3.6888794541139363,5.043425116919247
1994-06-01,EP,30.0,1008.0,97.0,127.0,0.8333333333333334,0.0,40.0,0.41,3.4011973816621555,6.915723448631314,4.574710978503383,3.6888794541139363,4.844187086458591
1996-05-01,EP,30.0,1006.0,113.0,143.0,0.8333333333333334,0.0,45.0,-0.31,3.4011973816621555,6.913737350659685,4.727387818712341,3.8066624897703196,4.962844630259907
1997-06-01,EP,30.0,1007.0,134.0,164.0,0.0,0.8333333333333334,35.0,1.22,3.4011973816621555,6.914730892718563,4.897839799950911,3.5553480614894135,5.099866427824199
1998-06-01,EP,30.0,1008.0,110.0,140.0,0.8333333333333334,0.0,30.0,-0.13,3.4011973816621555,6.915723448631314,4.700480365792417,3.4011973816621555,4.941642422609304
1999-06-01,EP,35.0,1004.0,123.0,158.0,0.0,0.8333333333333334,60.0,-1.04,3.5553480614894135,6.911747300251674,4.812184355372417,4.0943445622221,5.062595033026967
2000-05-01,EP,30.0,1003.0,122.0,152.0,0.8333333333333334,0.0,50.0,-0.71,3.4011973816621555,6.910750787961936,4.804021044733257,3.912023005428146,5.0238805208462765
2001-05-01,EP,30.0,1006.0,126.0,156.0,0.8333333333333334,0.0,50.0,-0.25,3.4011973816621555,6.913737350659685,4.836281906951478,3.912023005428146,5.049856007249537
2002-05-01,EP,30.0,1004.0,123.0,153.0,0.0,0.0,30.0,0.43,3.4011973816621555,6.911747300251674,4.812184355372417,3.4011973816621555,5.030437921392435
2003-05-01,EP,40.0,1002.0,126.0,166.0,0.8333333333333334,1.6666666666666667,50.0,-0.26,3.6888794541139363,6.90975328164481,4.836281906951478,3.912023005428146,5.111987788356544
2004-05-01,EP,35.0,1005.0,68.0,103.0,0.8333333333333334,0.8333333333333334,50.0,0.17,3.5553480614894135,6.912742820493176,4.219507705176107,3.912023005428146,4.634728988229636
2005-05-01,EP,40.0,1003.0,130.0,170.0,0.8333333333333334,0.8333333333333334,50.0,0.29,3.6888794541139363,6.910750787961936,4.867534450455582,3.912023005428146,5.135798437050262
2006-05-01,EP,35.0,1003.0,121.0,156.0,0.8333333333333334,0.8333333333333334,40.0,-0.14,3.5553480614894135,6.910750787961936,4.795790545596741,3.6888794541139363,5.049856007249537
2007-05-01,EP,30.0,1006.0,124.0,149.0,0.0,-0.8333333333333334,30.0,-0.38,3.4011973816621555,6.913737350659685,4.820281565605037,3.4011973816621555,5.003946305945459
2008-05-01,EP,45.0,1000.0,117.0,162.0,0.8333333333333334,1.6666666666666667,55.0,-0.84,3.8066624897703196,6.907755278982137,4.762173934797756,4.007333185232471,5.087596335232384
2011-06-01,EP,35.0,1003.0,130.0,165.0,0.8333333333333334,0.8333333333333334,70.0,-0.37,3.5553480614894135,6.910750787961936,4.867534450455582,4.248495242049359,5.10594547390058
2012-05-01,EP,35.0,1004.0,130.0,165.0,0.0,0.8333333333333334,45.0,-0.17,3.5553480614894135,6.911747300251674,4.867534450455582,3.8066624897703196,5.10594547390058
2013-05-01,EP,35.0,1005.0,129.0,164.0,0.0,0.8333333333333334,50.0,-0.27,3.5553480614894135,6.912742820493176,4.859812404361672,3.912023005428146,5.099866427824199
2014-05-01,EP,30.0,1006.0,127.0,157.0,0.0,0.8333333333333334,55.0,0.31,3.4011973816621555,6.913737350659685,4.844187086458591,4.007333185232471,5.056245805348308
2015-05-01,EP,50.0,998.0,113.0,163.0,1.6666666666666667,1.6666666666666667,65.0,1.02,3.912023005428146,6.905753276311464,4.727387818712341,4.174387269895637,5.093750200806762
2019-06-01,EP,30.0,1006.0,101.0,131.0,0.0,0.8333333333333334,45.0,0.52,3.4011973816621555,6.913737350659685,4.61512051684126,3.8066624897703196,4.875197323201151
2021-05-01,EP,35.0,1005.0,118.0,153.0,0.8333333333333334,0.0,35.0,-0.39,3.5553480614894135,6.912742820493176,4.770684624465665,3.5553480614894135,5.030437921392435
2022-05-01,EP,40.0,1002.0,135.0,175.0,0.8333333333333334,0.8333333333333334,75.0,-0.9,3.6888794541139363,6.90975328164481,4.90527477843843,4.31748811353631,5.1647859739235145
1988-06-01,EP,30.0,1005.0,132.0,162.0,0.0,0.0,45.0,-1.3,3.4011973816621555,6.912742820493176,4.882801922586371,3.8066624897703196,5.087596335232384
1989-06-01,EP,25.0,1010.0,129.0,154.0,0.0,0.0,50.0,-0.4,3.2188758248682006,6.917705609835305,4.859812404361672,3.912023005428146,5.0369526024136295
1990-06-01,EP,25.0,1009.0,134.0,159.0,0.0,0.0,45.0,0.31,3.2188758248682006,6.9167150203536085,4.897839799950911,3.8066624897703196,5.0689042022202315
1991-06-01,EP,25.0,1010.0,142.0,167.0,0.0,0.0,25.0,0.64,3.2188758248682006,6.917705609835305,4.955827057601261,3.2188758248682006,5.117993812416755
1993-06-01,EP,35.0,1004.0,130.0,165.0,1.6666666666666667,0.0,55.0,0.57,3.5553480614894135,6.911747300251674,4.867534450455582,4.007333185232471,5.10594547390058
1994-06-01,EP,35.0,1006.0,87.0,122.0,0.8333333333333334,0.8333333333333334,40.0,0.41,3.5553480614894135,6.913737350659685,4.465908118654584,3.6888794541139363,4.804021044733257
1995-06-01,EP,35.0,1005.0,121.0,156.0,0.8333333333333334,0.8333333333333334,70.0,-0.03,3.5553480614894135,6.912742820493176,4.795790545596741,4.248495242049359,5.049856007249537
1997-06-01,EP,40.0,1003.0,128.0,168.0,0.8333333333333334,0.8333333333333334,40.0,1.22,3.6888794541139363,6.910750787961936,4.852030263919617,3.6888794541139363,5.123963979403259
1999-07-01,EP,40.0,1002.0,98.0,138.0,0.8333333333333334,0.8333333333333334,50.0,-1.1,3.6888794541139363,6.90975328164481,4.584967478670572,3.912023005428146,4.927253685157205
2000-06-01,EP,40.0,999.0,115.0,155.0,0.8333333333333334,0.8333333333333334,45.0,-0.64,3.6888794541139363,6.906754778648554,4.74493212836325,3.8066624897703196,5.043425116919247
2001-06-01,EP,30.0,1007.0,85.0,115.0,0.0,0.0,50.0,-0.12,3.4011973816621555,6.914730892718563,4.442651256490317,3.912023005428146,4.74493212836325
2002-06-01,EP,40.0,1002.0,108.0,148.0,0.8333333333333334,1.6666666666666667,50.0,0.65,3.6888794541139363,6.90975328164481,4.68213122712422,3.912023005428146,4.997212273764115
2003-06-01,EP,30.0,1004.0,115.0,145.0,0.8333333333333334,0.0,45.0,-0.16,3.4011973816621555,6.911747300251674,4.74493212836325,3.8066624897703196,4.976733742420574
2005-06-01,EP,30.0,1004.0,116.0,146.0,0.8333333333333334,0.0,45.0,0.11,3.4011973816621555,6.911747300251674,4.7535901911063645,3.8066624897703196,4.983606621708336
2006-06-01,EP,30.0,1005.0,126.0,156.0,0.8333333333333334,0.0,30.0,-0.03,3.4011973816621555,6.912742820493176,4.836281906951478,3.4011973816621555,5.049856007249537
2007-05-01,EP,30.0,1006.0,136.0,166.0,0.0,0.0,40.0,-0.38,3.4011973816621555,6.913737350659685,4.912654885736052,3.6888794541139363,5.111987788356544
2008-06-01,EP,45.0,1000.0,93.0,138.0,0.8333333333333334,1.6666666666666667,50.0,-0.61,3.8066624897703196,6.907755278982137,4.532599493153256,3.912023005428146,4.927253685157205
2009-06-01,EP,40.0,998.0,118.0,158.0,0.8333333333333334,0.8333333333333334,60.0,0.28,3.6888794541139363,6.905753276311464,4.770684624465665,4.0943445622221,5.062595033026967
2011-06-01,EP,35.0,1004.0,115.0,150.0,0.8333333333333334,0.8333333333333334,70.0,-0.37,3.5553480614894135,6.911747300251674,4.74493212836325,4.248495242049359,5.0106352940962555
2012-05-01,EP,30.0,1005.0,133.0,163.0,0.8333333333333334,0.0,35.0,-0.17,3.4011973816621555,6.912742820493176,4.890349128221754,3.5553480614894135,5.093750200806762
2013-05-01,EP,40.0,1001.0,122.0,162.0,0.8333333333333334,0.8333333333333334,65.0,-0.27,3.6888794541139363,6.90875477931522,4.804021044733257,4.174387269895637,5.087596335232384
2014-06-01,EP,30.0,1000.0,125.0,155.0,0.8333333333333334,0.0,40.0,0.23,3.4011973816621555,6.907755278982137,4.8283137373023015,3.6888794541139363,5.043425116919247
2015-05-01,EP,30.0,1006.0,143.0,173.0,0.0,0.8333333333333334,45.0,1.02,3.4011973816621555,6.913737350659685,4.962844630259907,3.8066624897703196,5.153291594497779
2016-07-01,EP,30.0,1006.0,98.0,128.0,0.8333333333333334,0.0,45.0,-0.31,3.4011973816621555,6.913737350659685,4.584967478670572,3.8066624897703196,4.852030263919617
2017-05-01,EP,30.0,1004.0,120.0,150.0,0.8333333333333334,0.0,40.0,0.4,3.4011973816621555,6.911747300251674,4.787491742782046,3.6888794541139363,5.0106352940962555
2018-06-01,EP,40.0,1000.0,114.0,154.0,0.8333333333333334,0.8333333333333334,55.0,0.06,3.6888794541139363,6.907755278982137,4.736198448394496,4.007333185232471,5.0369526024136295
2019-06-01,EP,40.0,1003.0,113.0,153.0,0.0,0.8333333333333334,70.0,0.52,3.6888794541139363,6.910750787961936,4.727387818712341,4.248495242049359,5.030437921392435
2021-05-01,EP,30.0,1006.0,131.0,161.0,0.0,0.0,50.0,-0.39,3.4011973816621555,6.913737350659685,4.875197323201151,3.912023005428146,5.081404364984463
2022-06-01,EP,45.0,1000.0,116.0,161.0,0.8333333333333334,0.8333333333333334,75.0,-0.78,3.8066624897703196,6.907755278982137,4.7535901911063645,4.31748811353631,5.081404364984463
1988-07-01,EP,30.0,1007.0,103.0,133.0,0.0,0.0,50.0,-1.3,3.4011973816621555,6.914730892718563,4.634728988229636,3.912023005428146,4.890349128221754
1989-06-01,EP,30.0,1009.0,133.0,163.0,0.8333333333333334,0.0,30.0,-0.4,3.4011973816621555,6.9167150203536085,4.890349128221754,3.4011973816621555,5.093750200806762
1990-06-01,EP,30.0,1008.0,135.0,165.0,0.0,0.8333333333333334,35.0,0.31,3.4011973816621555,6.915723448631314,4.90527477843843,3.5553480614894135,5.10594547390058
1991-06-01,EP,35.0,1005.0,130.0,165.0,0.0,0.8333333333333334,55.0,0.64,3.5553480614894135,6.912742820493176,4.867534450455582,4.007333185232471,5.10594547390058
1994-06-01,EP,35.0,1005.0,121.0,156.0,0.0,0.8333333333333334,75.0,0.41,3.5553480614894135,6.912742820493176,4.795790545596741,4.31748811353631,5.049856007249537
1995-07-01,EP,35.0,1005.0,108.0,143.0,0.0,0.8333333333333334,65.0,-0.24,3.5553480614894135,6.912742820493176,4.68213122712422,4.174387269895637,4.962844630259907
1996-06-01,EP,30.0,1007.0,130.0,160.0,0.0,0.0,50.0,-0.3,3.4011973816621555,6.914730892718563,4.867534450455582,3.912023005428146,5.075173815233827
1998-06-01,EP,35.0,1005.0,130.0,165.0,0.8333333333333334,0.8333333333333334,60.0,-0.13,3.5553480614894135,6.912742820493176,4.867534450455582,4.0943445622221,5.10594547390058
2000-06-01,EP,45.0,1000.0,107.0,152.0,0.8333333333333334,1.6666666666666667,65.0,-0.64,3.8066624897703196,6.907755278982137,4.672828834461906,4.174387269895637,5.0238805208462765
2001-07-01,EP,40.0,1000.0,97.0,137.0,1.6666666666666667,0.8333333333333334,40.0,-0.08,3.6888794541139363,6.907755278982137,4.574710978503383,3.6888794541139363,4.919980925828125
2002-06-01,EP,30.0,1007.0,97.0,127.0,0.0,0.0,30.0,0.65,3.4011973816621555,6.914730892718563,4.574710978503383,3.4011973816621555,4.844187086458591
2003-06-01,EP,35.0,1003.0,125.0,160.0,0.8333333333333334,0.8333333333333334,55.0,-0.16,3.5553480614894135,6.910750787961936,4.8283137373023015,4.007333185232471,5.075173815233827
2004-07-01,EP,45.0,997.0,105.0,150.0,0.8333333333333334,1.6666666666666667,55.0,0.47,3.8066624897703196,6.904750769961838,4.653960350157523,4.007333185232471,5.0106352940962555
2005-06-01,EP,35.0,1003.0,126.0,161.0,0.0,1.6666666666666667,45.0,0.11,3.5553480614894135,6.910750787961936,4.836281906951478,3.8066624897703196,5.081404364984463
2006-07-01,EP,50.0,998.0,102.0,152.0,1.6666666666666667,1.6666666666666667,85.0,0.1,3.912023005428146,6.905753276311464,4.624972813284271,4.442651256490317,5.0238805208462765
2008-06-01,EP,30.0,1006.0,50.0,80.0,0.0,0.0,45.0,-0.61,3.4011973816621555,6.913737350659685,3.912023005428146,3.8066624897703196,4.382026634673881
2009-07-01,EP,40.0,1000.0,82.0,122.0,0.8333333333333334,0.8333333333333334,45.0,0.45,3.6888794541139363,6.907755278982137,4.406719247264253,3.8066624897703196,4.804021044733257
2010-06-01,EP,40.0,1001.0,89.0,129.0,0.8333333333333334,0.8333333333333334,40.0,-0.66,3.6888794541139363,6.90875477931522,4.48863636973214,3.6888794541139363,4.859812404361672
2011-07-01,EP,35.0,1003.0,102.0,137.0,0.0,0.8333333333333334,70.0,-0.43,3.5553480614894135,6.910750787961936,4.624972813284271,4.248495242049359,4.919980925828125
2012-06-01,EP,40.0,1001.0,134.0,174.0,0.8333333333333334,0.8333333333333334,65.0,0.06,3.6888794541139363,6.90875477931522,4.897839799950911,4.174387269895637,5.159055299214529
2013-06-01,EP,35.0,1003.0,119.0,154.0,0.0,0.8333333333333334,55.0,-0.34,3.5553480614894135,6.910750787961936,4.77912349311153,4.007333185232471,5.0369526024136295
2014-06-01,EP,30.0,1006.0,120.0,150.0,0.0,0.0,55.0,0.23,3.4011973816621555,6.913737350659685,4.787491742782046,4.007333185232471,5.0106352940962555
2015-06-01,EP,30.0,1003.0,133.0,163.0,0.0,0.0,50.0,1.25,3.4011973816621555,6.910750787961936,4.890349128221754,3.912023005428146,5.093750200806762
2016-07-01,EP,40.0,1006.0,115.0,155.0,0.8333333333333334,1.6666666666666667,60.0,-0.31,3.6888794541139363,6.913737350659685,4.74493212836325,4.0943445622221,5.043425116919247
2017-06-01,EP,30.0,1006.0,114.0,144.0,0.0,0.0,40.0,0.39,3.4011973816621555,6.913737350659685,4.736198448394496,3.6888794541139363,4.969813299576001
2018-06-01,EP,45.0,1000.0,127.0,172.0,0.8333333333333334,1.6666666666666667,90.0,0.06,3.8066624897703196,6.907755278982137,4.844187086458591,4.499809670330265,5.147494476813453
2020-06-01,EP,30.0,1007.0,77.0,107.0,0.8333333333333334,0.0,35.0,-0.23,3.4011973816621555,6.914730892718563,4.343805421853684,3.5553480614894135,4.672828834461906
2021-06-01,EP,40.0,1005.0,71.0,111.0,0.8333333333333334,0.8333333333333334,45.0,-0.3,3.6888794541139363,6.912742820493176,4.2626798770413155,3.8066624897703196,4.709530201312334
2022-06-01,EP,35.0,1004.0,118.0,153.0,0.8333333333333334,0.0,35.0,-0.78,3.5553480614894135,6.911747300251674,4.770684624465665,3.5553480614894135,5.030437921392435
1988-07-01,EP,35.0,1005.0,93.0,128.0,0.8333333333333334,0.8333333333333334,45.0,-1.3,3.5553480614894135,6.912742820493176,4.532599493153256,3.8066624897703196,4.852030263919617
1990-06-01,EP,30.0,1008.0,129.0,159.0,0.0,0.8333333333333334,50.0,0.31,3.4011973816621555,6.915723448631314,4.859812404361672,3.912023005428146,5.0689042022202315
1991-06-01,EP,25.0,1005.0,136.0,161.0,0.0,0.0,35.0,0.64,3.2188758248682006,6.912742820493176,4.912654885736052,3.5553480614894135,5.081404364984463
1992-06-01,EP,30.0,1006.0,124.0,154.0,0.0,0.8333333333333334,40.0,0.73,3.4011973816621555,6.913737350659685,4.820281565605037,3.6888794541139363,5.0369526024136295
1993-07-01,EP,35.0,1005.0,109.0,144.0,0.8333333333333334,0.8333333333333334,70.0,0.32,3.5553480614894135,6.912742820493176,4.6913478822291435,4.248495242049359,4.969813299576001
1994-07-01,EP,35.0,1005.0,112.0,147.0,0.8333333333333334,0.8333333333333334,55.0,0.44,3.5553480614894135,6.912742820493176,4.718498871295094,4.007333185232471,4.990432586778736
1995-07-01,EP,30.0,1006.0,115.0,145.0,0.8333333333333334,0.0,40.0,-0.24,3.4011973816621555,6.913737350659685,4.74493212836325,3.6888794541139363,4.976733742420574
1996-06-01,EP,25.0,1009.0,141.0,166.0,0.0,0.0,35.0,-0.3,3.2188758248682006,6.9167150203536085,4.948759890378168,3.5553480614894135,5.111987788356544
1997-06-01,EP,35.0,1002.0,95.0,130.0,0.8333333333333334,0.8333333333333334,45.0,1.22,3.5553480614894135,6.90975328164481,4.553876891600541,3.8066624897703196,4.867534450455582
1998-07-01,EP,40.0,1002.0,91.0,131.0,1.6666666666666667,0.0,45.0,-0.78,3.6888794541139363,6.90975328164481,4.51085950651685,3.8066624897703196,4.875197323201151
2001-07-01,EP,30.0,1007.0,103.0,133.0,0.0,0.0,35.0,-0.08,3.4011973816621555,6.914730892718563,4.634728988229636,3.5553480614894135,4.890349128221754
2002-07-01,EP,30.0,1007.0,133.0,158.0,0.0,-0.8333333333333334,25.0,0.79,3.4011973816621555,6.914730892718563,4.890349128221754,3.2188758248682006,5.062595033026967
2003-07-01,EP,35.0,1005.0,37.0,72.0,0.8333333333333334,0.0,30.0,0.08,3.5553480614894135,6.912742820493176,3.6109179126442243,3.4011973816621555,4.276666119016055
2004-07-01,EP,35.0,1005.0,104.0,139.0,0.0,0.8333333333333334,45.0,0.47,3.5553480614894135,6.912742820493176,4.6443908991413725,3.8066624897703196,4.9344739331306915
2005-07-01,EP,40.0,1002.0,105.0,145.0,0.8333333333333334,0.8333333333333334,40.0,-0.06,3.6888794541139363,6.90975328164481,4.653960350157523,3.6888794541139363,4.976733742420574
2006-07-01,EP,40.0,1002.0,126.0,166.0,0.8333333333333334,0.8333333333333334,70.0,0.1,3.6888794541139363,6.90975328164481,4.836281906951478,4.248495242049359,5.111987788356544
2008-07-01,EP,30.0,1005.0,114.0,144.0,0.8333333333333334,0.0,35.0,-0.37,3.4011973816621555,6.912742820493176,4.736198448394496,3.5553480614894135,4.969813299576001
2009-07-01,EP,35.0,1004.0,111.0,146.0,0.8333333333333334,0.8333333333333334,65.0,0.45,3.5553480614894135,6.911747300251674,4.709530201312334,4.174387269895637,4.983606621708336
2010-06-01,EP,30.0,1007.0,131.0,161.0,0.0,0.8333333333333334,55.0,-0.66,3.4011973816621555,6.914730892718563,4.875197323201151,4.007333185232471,5.081404364984463
2011-07-01,EP,45.0,1002.0,100.0,145.0,0.8333333333333334,1.6666666666666667,65.0,-0.43,3.8066624897703196,6.90975328164481,4.605170185988092,4.174387269895637,4.976733742420574
2012-07-01,EP,30.0,1005.0,111.0,141.0,0.0,0.0,50.0,0.3,3.4011973816621555,6.912742820493176,4.709530201312334,3.912023005428146,4.948759890378168
2013-06-01,EP,35.0,1005.0,118.0,153.0,0.8333333333333334,0.8333333333333334,45.0,-0.34,3.5553480614894135,6.912742820493176,4.770684624465665,3.8066624897703196,5.030437921392435
2014-06-01,EP,30.0,1006.0,117.0,147.0,0.0,0.0,35.0,0.23,3.4011973816621555,6.913737350659685,4.762173934797756,3.5553480614894135,4.990432586778736
2015-07-01,EP,35.0,1004.0,34.0,69.0,0.0,0.8333333333333334,40.0,1.57,3.5553480614894135,6.911747300251674,3.5263605246161616,3.6888794541139363,4.23410650459726
2016-07-01,EP,30.0,1006.0,123.0,153.0,0.8333333333333334,0.0,30.0,-0.31,3.4011973816621555,6.913737350659685,4.812184355372417,3.4011973816621555,5.030437921392435
2017-06-01,EP,35.0,1005.0,120.0,155.0,0.8333333333333334,0.8333333333333334,65.0,0.39,3.5553480614894135,6.912742820493176,4.787491742782046,4.174387269895637,5.043425116919247
2018-06-01,EP,30.0,1007.0,146.0,176.0,0.0,0.0,45.0,0.06,3.4011973816621555,6.914730892718563,4.983606621708336,3.8066624897703196,5.170483995038151
2021-06-01,EP,40.0,1000.0,139.0,179.0,0.8333333333333334,0.8333333333333334,60.0,-0.3,3.6888794541139363,6.907755278982137,4.9344739331306915,4.0943445622221,5.187385805840755
2022-07-01,EP,40.0,1004.0,110.0,150.0,0.0,0.8333333333333334,50.0,-0.76,3.6888794541139363,6.911747300251674,4.700480365792417,3.912023005428146,5.0106352940962555
1988-07-01,EP,30.0,1009.0,112.0,142.0,0.8333333333333334,0.0,30.0,-1.3,3.4011973816621555,6.9167150203536085,4.718498871295094,3.4011973816621555,4.955827057601261
1990-06-01,EP,35.0,1006.0,103.0,138.0,0.8333333333333334,0.8333333333333334,60.0,0.31,3.5553480614894135,6.913737350659685,4.634728988229636,4.0943445622221,4.927253685157205
1992-07-01,EP,30.0,1006.0,124.0,154.0,0.8333333333333334,0.0,50.0,0.37,3.4011973816621555,6.913737350659685,4.820281565605037,3.912023005428146,5.0369526024136295
1993-07-01,EP,40.0,1004.0,106.0,146.0,0.8333333333333334,0.8333333333333334,85.0,0.32,3.6888794541139363,6.911747300251674,4.663439094112067,4.442651256490317,4.983606621708336
1994-07-01,EP,35.0,1006.0,117.0,152.0,0.0,0.8333333333333334,80.0,0.44,3.5553480614894135,6.913737350659685,4.762173934797756,4.382026634673881,5.0238805208462765
1995-07-01,EP,30.0,1005.0,112.0,142.0,0.0,0.8333333333333334,35.0,-0.24,3.4011973816621555,6.912742820493176,4.718498871295094,3.5553480614894135,4.955827057601261
1996-07-01,EP,35.0,1005.0,110.0,145.0,0.8333333333333334,0.8333333333333334,55.0,-0.27,3.5553480614894135,6.912742820493176,4.700480365792417,4.007333185232471,4.976733742420574
1998-07-01,EP,30.0,1007.0,109.0,139.0,0.8333333333333334,0.0,65.0,-0.78,3.4011973816621555,6.914730892718563,4.6913478822291435,4.174387269895637,4.9344739331306915
1999-07-01,EP,35.0,1005.0,73.0,108.0,0.8333333333333334,0.0,35.0,-1.1,3.5553480614894135,6.912742820493176,4.290459441148391,3.5553480614894135,4.68213122712422
2001-07-01,EP,35.0,1004.0,127.0,162.0,0.0,0.8333333333333334,55.0,-0.08,3.5553480614894135,6.911747300251674,4.844187086458591,4.007333185232471,5.087596335232384
2002-07-01,EP,45.0,1000.0,100.0,145.0,1.6666666666666667,0.8333333333333334,65.0,0.79,3.8066624897703196,6.907755278982137,4.605170185988092,4.174387269895637,4.976733742420574
2003-07-01,EP,30.0,1005.0,96.0,126.0,0.8333333333333334,0.0,55.0,0.08,3.4011973816621555,6.912742820493176,4.564348191467836,4.007333185232471,4.836281906951478
2004-07-01,EP,35.0,1003.0,111.0,146.0,0.8333333333333334,0.8333333333333334,65.0,0.47,3.5553480614894135,6.910750787961936,4.709530201312334,4.174387269895637,4.983606621708336
2005-07-01,EP,35.0,1000.0,98.0,133.0,0.8333333333333334,0.0,60.0,-0.06,3.5553480614894135,6.907755278982137,4.584967478670572,4.0943445622221,4.890349128221754
2006-07-01,EP,30.0,1007.0,115.0,145.0,0.8333333333333334,0.0,55.0,0.1,3.4011973816621555,6.914730892718563,4.74493212836325,4.007333185232471,4.976733742420574
2008-07-01,EP,25.0,1006.0,123.0,148.0,0.0,0.0,30.0,-0.37,3.2188758248682006,6.913737350659685,4.812184355372417,3.4011973816621555,4.997212273764115
2009-07-01,EP,35.0,1005.0,105.0,140.0,0.0,0.8333333333333334,50.0,0.45,3.5553480614894135,6.912742820493176,4.653960350157523,3.912023005428146,4.941642422609304
2010-06-01,EP,45.0,1000.0,100.0,145.0,0.8333333333333334,1.6666666666666667,70.0,-0.66,3.8066624897703196,6.907755278982137,4.605170185988092,4.248495242049359,4.976733742420574
2011-07-01,EP,40.0,1002.0,107.0,147.0,0.8333333333333334,0.8333333333333334,65.0,-0.43,3.6888794541139363,6.90975328164481,4.672828834461906,4.174387269895637,4.990432586778736
2012-07-01,EP,40.0,1002.0,111.0,151.0,0.8333333333333334,0.8333333333333334,65.0,0.3,3.6888794541139363,6.90975328164481,4.709530201312334,4.174387269895637,5.017279836814924
2013-07-01,EP,35.0,1005.0,120.0,155.0,0.0,0.8333333333333334,60.0,-0.35,3.5553480614894135,6.912742820493176,4.787491742782046,4.0943445622221,5.043425116919247
2014-06-01,EP,45.0,1002.0,105.0,150.0,0.0,0.0,45.0,0.23,3.8066624897703196,6.90975328164481,4.653960350157523,3.8066624897703196,5.0106352940962555
2015-07-01,EP,40.0,1003.0,120.0,160.0,0.8333333333333334,0.8333333333333334,55.0,1.57,3.6888794541139363,6.910750787961936,4.787491742782046,4.007333185232471,5.075173815233827
2016-07-01,EP,30.0,1007.0,111.0,141.0,0.8333333333333334,0.0,55.0,-0.31,3.4011973816621555,6.914730892718563,4.709530201312334,4.007333185232471,4.948759890378168
2017-07-01,EP,35.0,1007.0,115.0,150.0,0.8333333333333334,0.0,70.0,0.19,3.5553480614894135,6.914730892718563,4.74493212836325,4.248495242049359,5.0106352940962555
2018-06-01,EP,35.0,1006.0,77.0,112.0,0.0,0.8333333333333334,40.0,0.06,3.5553480614894135,6.913737350659685,4.343805421853684,3.6888794541139363,4.718498871295094
2019-07-01,EP,30.0,1006.0,67.0,97.0,0.0,0.0,40.0,0.33,3.4011973816621555,6.913737350659685,4.204692619390966,3.6888794541139363,4.574710978503383
2020-07-01,EP,35.0,1005.0,119.0,154.0,0.0,0.8333333333333334,40.0,-0.36,3.5553480614894135,6.912742820493176,4.77912349311153,3.6888794541139363,5.0369526024136295
2021-06-01,EP,45.0,1001.0,110.0,155.0,0.8333333333333334,0.8333333333333334,75.0,-0.3,3.8066624897703196,6.90875477931522,4.700480365792417,4.31748811353631,5.043425116919247
2022-07-01,EP,40.0,1004.0,104.0,144.0,0.8333333333333334,0.8333333333333334,65.0,-0.76,3.6888794541139363,6.911747300251674,4.6443908991413725,4.174387269895637,4.969813299576001
1988-07-01,EP,30.0,1008.0,122.0,152.0,0.0,0.8333333333333334,55.0,-1.3,3.4011973816621555,6.915723448631314,4.804021044733257,4.007333185232471,5.0238805208462765
1989-07-01,EP,25.0,1012.0,123.0,148.0,0.0,0.0,45.0,-0.31,3.2188758248682006,6.919683849847411,4.812184355372417,3.8066624897703196,4.997212273764115
1991-07-01,EP,35.0,1005.0,106.0,141.0,0.8333333333333334,0.8333333333333334,60.0,0.73,3.5553480614894135,6.912742820493176,4.663439094112067,4.0943445622221,4.948759890378168
1992-07-01,EP,30.0,1006.0,116.0,146.0,0.0,0.8333333333333334,50.0,0.37,3.4011973816621555,6.913737350659685,4.7535901911063645,3.912023005428146,4.983606621708336
1993-07-01,EP,30.0,1006.0,116.0,146.0,0.0,0.0,65.0,0.32,3.4011973816621555,6.913737350659685,4.7535901911063645,4.174387269895637,4.983606621708336
1994-07-01,EP,35.0,1005.0,105.0,140.0,0.8333333333333334,0.8333333333333334,40.0,0.44,3.5553480614894135,6.912742820493176,4.653960350157523,3.6888794541139363,4.941642422609304
1995-08-01,EP,25.0,1008.0,106.0,131.0,0.0,0.0,30.0,-0.54,3.2188758248682006,6.915723448631314,4.663439094112067,3.4011973816621555,4.875197323201151
1997-07-01,EP,40.0,1000.0,98.0,138.0,0.8333333333333334,1.6666666666666667,55.0,1.6,3.6888794541139363,6.907755278982137,4.584967478670572,4.007333185232471,4.927253685157205
1998-07-01,EP,35.0,1002.0,102.0,137.0,0.0,0.8333333333333334,65.0,-0.78,3.5553480614894135,6.90975328164481,4.624972813284271,4.174387269895637,4.919980925828125
2000-07-01,EP,30.0,1007.0,122.0,152.0,0.8333333333333334,0.0,65.0,-0.55,3.4011973816621555,6.914730892718563,4.804021044733257,4.174387269895637,5.0238805208462765
2001-08-01,EP,30.0,1007.0,32.0,62.0,0.8333333333333334,0.0,30.0,-0.13,3.4011973816621555,6.914730892718563,3.4657359027997265,3.4011973816621555,4.127134385045092
2002-07-01,EP,45.0,1000.0,101.0,146.0,0.8333333333333334,1.6666666666666667,120.0,0.79,3.8066624897703196,6.907755278982137,4.61512051684126,4.787491742782046,4.983606621708336
2003-07-01,EP,35.0,1005.0,85.0,120.0,0.8333333333333334,0.8333333333333334,45.0,0.08,3.5553480614894135,6.912742820493176,4.442651256490317,3.8066624897703196,4.787491742782046
2005-08-01,EP,35.0,1005.0,108.0,143.0,0.8333333333333334,0.8333333333333334,55.0,-0.14,3.5553480614894135,6.912742820493176,4.68213122712422,4.007333185232471,4.962844630259907
2006-07-01,EP,30.0,1005.0,109.0,139.0,0.0,0.8333333333333334,40.0,0.1,3.4011973816621555,6.912742820493176,4.6913478822291435,3.6888794541139363,4.9344739331306915
2007-07-01,EP,25.0,1006.0,110.0,135.0,0.0,0.0,45.0,-0.56,3.2188758248682006,6.913737350659685,4.700480365792417,3.8066624897703196,4.90527477843843
2008-07-01,EP,35.0,1005.0,124.0,159.0,0.0,0.8333333333333334,50.0,-0.37,3.5553480614894135,6.912742820493176,4.820281565605037,3.912023005428146,5.0689042022202315
2009-07-01,EP,45.0,1000.0,66.0,111.0,0.8333333333333334,1.6666666666666667,55.0,0.45,3.8066624897703196,6.907755278982137,4.189654742026425,4.007333185232471,4.709530201312334
2010-07-01,EP,30.0,1006.0,102.0,132.0,0.0,0.0,25.0,-1.05,3.4011973816621555,6.913737350659685,4.624972813284271,3.2188758248682006,4.882801922586371
2011-08-01,EP,35.0,1005.0,73.0,108.0,0.0,0.8333333333333334,45.0,-0.58,3.5553480614894135,6.912742820493176,4.290459441148391,3.8066624897703196,4.68213122712422
2012-07-01,EP,40.0,1001.0,106.0,146.0,0.8333333333333334,0.8333333333333334,60.0,0.3,3.6888794541139363,6.90875477931522,4.663439094112067,4.0943445622221,4.983606621708336
2013-07-01,EP,35.0,1003.0,93.0,128.0,0.8333333333333334,0.0,45.0,-0.35,3.5553480614894135,6.910750787961936,4.532599493153256,3.8066624897703196,4.852030263919617
2014-07-01,EP,40.0,1004.0,98.0,138.0,1.6666666666666667,0.0,40.0,0.1,3.6888794541139363,6.911747300251674,4.584967478670572,3.6888794541139363,4.927253685157205
2015-07-01,EP,30.0,1005.0,99.0,129.0,0.0,0.0,35.0,1.57,3.4011973816621555,6.912742820493176,4.59511985013459,3.5553480614894135,4.859812404361672
2016-07-01,EP,35.0,1005.0,111.0,146.0,0.8333333333333334,0.8333333333333334,45.0,-0.31,3.5553480614894135,6.912742820493176,4.709530201312334,3.8066624897703196,4.983606621708336
2017-07-01,EP,30.0,1007.0,115.0,145.0,0.8333333333333334,0.0,45.0,0.19,3.4011973816621555,6.914730892718563,4.74493212836325,3.8066624897703196,4.976733742420574
2018-06-01,EP,30.0,1006.0,112.0,142.0,0.0,0.0,45.0,0.06,3.4011973816621555,6.913737350659685,4.718498871295094,3.8066624897703196,4.955827057601261
2019-07-01,EP,35.0,1005.0,106.0,141.0,0.8333333333333334,0.0,50.0,0.33,3.5553480614894135,6.912742820493176,4.663439094112067,3.912023005428146,4.948759890378168
2021-07-01,EP,45.0,1004.0,107.0,152.0,0.8333333333333334,1.6666666666666667,80.0,-0.35,3.8066624897703196,6.911747300251674,4.672828834461906,4.382026634673881,5.0238805208462765
2022-07-01,EP,35.0,1006.0,106.0,141.0,0.0,0.8333333333333334,65.0,-0.76,3.5553480614894135,6.913737350659685,4.663439094112067,4.174387269895637,4.948759890378168
1988-07-01,EP,30.0,1008.0,71.0,101.0,0.0,0.8333333333333334,45.0,-1.3,3.4011973816621555,6.915723448631314,4.2626798770413155,3.8066624897703196,4.61512051684126
1990-07-01,EP,25.0,1008.0,116.0,141.0,0.8333333333333334,0.0,40.0,0.33,3.2188758248682006,6.915723448631314,4.7535901911063645,3.6888794541139363,4.948759890378168
1991-07-01,EP,35.0,1005.0,118.0,153.0,0.8333333333333334,0.8333333333333334,50.0,0.73,3.5553480614894135,6.912742820493176,4.770684624465665,3.912023005428146,5.030437921392435
1992-07-01,EP,30.0,1001.0,108.0,138.0,0.0,0.8333333333333334,55.0,0.37,3.4011973816621555,6.90875477931522,4.68213122712422,4.007333185232471,4.927253685157205
1993-08-01,EP,35.0,1005.0,116.0,151.0,0.8333333333333334,0.8333333333333334,70.0,0.25,3.5553480614894135,6.912742820493176,4.7535901911063645,4.248495242049359,5.017279836814924
1994-07-01,EP,30.0,1006.0,112.0,142.0,0.8333333333333334,0.0,60.0,0.44,3.4011973816621555,6.913737350659685,4.718498871295094,4.0943445622221,4.955827057601261
1995-08-01,EP,30.0,1000.0,101.0,131.0,0.0,0.0,40.0,-0.54,3.4011973816621555,6.907755278982137,4.61512051684126,3.6888794541139363,4.875197323201151
1996-07-01,EP,65.0,987.0,102.0,167.0,0.8333333333333334,4.166666666666667,80.0,-0.27,4.174387269895637,6.894670039433482,4.624972813284271,4.382026634673881,5.117993812416755
1997-07-01,EP,40.0,1005.0,98.0,138.0,0.8333333333333334,1.6666666666666667,80.0,1.6,3.6888794541139363,6.912742820493176,4.584967478670572,4.382026634673881,4.927253685157205
1998-08-01,EP,30.0,1007.0,107.0,137.0,0.0,0.0,35.0,-1.12,3.4011973816621555,6.914730892718563,4.672828834461906,3.5553480614894135,4.919980925828125
1999-08-01,EP,30.0,1007.0,116.0,146.0,0.0,0.0,45.0,-1.11,3.4011973816621555,6.914730892718563,4.7535901911063645,3.8066624897703196,4.983606621708336
2000-07-01,EP,35.0,1005.0,102.0,137.0,0.8333333333333334,0.8333333333333334,55.0,-0.55,3.5553480614894135,6.912742820493176,4.624972813284271,4.007333185232471,4.919980925828125
2001-08-01,EP,35.0,1003.0,104.0,139.0,0.0,0.8333333333333334,65.0,-0.13,3.5553480614894135,6.910750787961936,4.6443908991413725,4.174387269895637,4.9344739331306915
2002-08-01,EP,30.0,1008.0,86.0,116.0,0.8333333333333334,0.0,30.0,0.86,3.4011973816621555,6.915723448631314,4.454347296253507,3.4011973816621555,4.7535901911063645
2003-08-01,EP,30.0,1007.0,68.0,98.0,0.0,0.8333333333333334,50.0,0.21,3.4011973816621555,6.914730892718563,4.219507705176107,3.912023005428146,4.584967478670572
2004-08-01,EP,30.0,1008.0,123.0,153.0,0.0,0.0,45.0,0.64,3.4011973816621555,6.915723448631314,4.812184355372417,3.8066624897703196,5.030437921392435
2005-08-01,EP,40.0,1002.0,101.0,141.0,1.6666666666666667,0.8333333333333334,45.0,-0.14,3.6888794541139363,6.90975328164481,4.61512051684126,3.8066624897703196,4.948759890378168
2006-07-01,EP,35.0,1005.0,81.0,116.0,0.8333333333333334,0.0,45.0,0.1,3.5553480614894135,6.912742820493176,4.394449154672439,3.8066624897703196,4.7535901911063645
2007-07-01,EP,30.0,1007.0,124.0,154.0,0.0,0.8333333333333334,30.0,-0.56,3.4011973816621555,6.914730892718563,4.820281565605037,3.4011973816621555,5.0369526024136295
2008-07-01,EP,35.0,1005.0,107.0,142.0,0.8333333333333334,0.0,55.0,-0.37,3.5553480614894135,6.912742820493176,4.672828834461906,4.007333185232471,4.955827057601261
2009-08-01,EP,45.0,1000.0,96.0,141.0,0.8333333333333334,1.6666666666666667,55.0,0.58,3.8066624897703196,6.907755278982137,4.564348191467836,4.007333185232471,4.948759890378168
2010-08-01,EP,35.0,1003.0,116.0,151.0,0.0,0.8333333333333334,50.0,-1.35,3.5553480614894135,6.910750787961936,4.7535901911063645,3.912023005428146,5.017279836814924
2011-08-01,EP,35.0,1004.0,127.0,162.0,0.0,0.8333333333333334,70.0,-0.58,3.5553480614894135,6.911747300251674,4.844187086458591,4.248495242049359,5.087596335232384
2012-08-01,EP,40.0,1001.0,105.0,145.0,0.0,1.6666666666666667,65.0,0.41,3.6888794541139363,6.90875477931522,4.653960350157523,4.174387269895637,4.976733742420574
2013-07-01,EP,40.0,1002.0,105.0,145.0,1.6666666666666667,0.8333333333333334,70.0,-0.35,3.6888794541139363,6.90975328164481,4.653960350157523,4.248495242049359,4.976733742420574
2014-07-01,EP,40.0,1004.0,76.0,116.0,0.8333333333333334,0.8333333333333334,40.0,0.1,3.6888794541139363,6.911747300251674,4.330733340286331,3.6888794541139363,4.7535901911063645
2016-07-01,EP,40.0,1005.0,106.0,146.0,0.8333333333333334,0.8333333333333334,50.0,-0.31,3.6888794541139363,6.912742820493176,4.663439094112067,3.912023005428146,4.983606621708336
2017-07-01,EP,30.0,1007.0,116.0,146.0,0.0,0.0,35.0,0.19,3.4011973816621555,6.914730892718563,4.7535901911063645,3.5553480614894135,4.983606621708336
2018-06-01,EP,40.0,1002.0,103.0,143.0,0.0,1.6666666666666667,60.0,0.06,3.6888794541139363,6.90975328164481,4.634728988229636,4.0943445622221,4.962844630259907
2019-07-01,EP,30.0,1006.0,102.0,132.0,0.8333333333333334,0.0,55.0,0.33,3.4011973816621555,6.913737350659685,4.624972813284271,4.007333185232471,4.882801922586371
2021-07-01,EP,35.0,1005.0,118.0,153.0,0.8333333333333334,0.8333333333333334,45.0,-0.35,3.5553480614894135,6.912742820493176,4.770684624465665,3.8066624897703196,5.030437921392435
2022-07-01,EP,35.0,1004.0,114.0,149.0,0.8333333333333334,0.0,35.0,-0.76,3.5553480614894135,6.911747300251674,4.736198448394496,3.5553480614894135,5.003946305945459
1988-07-01,EP,30.0,1010.0,114.0,144.0,0.0,0.8333333333333334,45.0,-1.3,3.4011973816621555,6.917705609835305,4.736198448394496,3.8066624897703196,4.969813299576001
1989-07-01,EP,25.0,1011.0,108.0,133.0,0.0,0.0,35.0,-0.31,3.2188758248682006,6.918695219020472,4.68213122712422,3.5553480614894135,4.890349128221754
1990-07-01,EP,25.0,1009.0,139.0,164.0,0.0,0.0,30.0,0.33,3.2188758248682006,6.9167150203536085,4.9344739331306915,3.4011973816621555,5.099866427824199
1991-08-01,EP,30.0,1008.0,122.0,152.0,0.0,0.8333333333333334,65.0,0.64,3.4011973816621555,6.915723448631314,4.804021044733257,4.174387269895637,5.0238805208462765
1992-07-01,EP,30.0,1009.0,102.0,132.0,0.8333333333333334,0.0,65.0,0.37,3.4011973816621555,6.9167150203536085,4.624972813284271,4.174387269895637,4.882801922586371
1993-08-01,EP,35.0,1005.0,126.0,161.0,0.0,0.8333333333333334,70.0,0.25,3.5553480614894135,6.912742820493176,4.836281906951478,4.248495242049359,5.081404364984463
1995-08-01,EP,45.0,1004.0,98.0,143.0,0.8333333333333334,1.6666666666666667,45.0,-0.54,3.8066624897703196,6.911747300251674,4.584967478670572,3.8066624897703196,4.962844630259907
1996-08-01,EP,30.0,1005.0,112.0,142.0,0.0,0.8333333333333334,30.0,-0.32,3.4011973816621555,6.912742820493176,4.718498871295094,3.4011973816621555,4.955827057601261
1997-07-01,EP,30.0,1006.0,107.0,137.0,0.0,0.0,35.0,1.6,3.4011973816621555,6.913737350659685,4.672828834461906,3.5553480614894135,4.919980925828125
1998-08-01,EP,30.0,1007.0,114.0,144.0,0.8333333333333334,0.0,55.0,-1.12,3.4011973816621555,6.914730892718563,4.736198448394496,4.007333185232471,4.969813299576001
1999-08-01,EP,35.0,1005.0,92.0,127.0,0.8333333333333334,0.8333333333333334,50.0,-1.11,3.5553480614894135,6.912742820493176,4.5217885770490405,3.912023005428146,4.844187086458591
2000-08-01,EP,35.0,1005.0,101.0,136.0,0.0,0.8333333333333334,45.0,-0.51,3.5553480614894135,6.912742820493176,4.61512051684126,3.8066624897703196,4.912654885736052
2001-09-01,EP,40.0,1002.0,83.0,123.0,0.8333333333333334,0.8333333333333334,60.0,-0.19,3.6888794541139363,6.90975328164481,4.418840607796598,4.0943445622221,4.812184355372417
2002-08-01,EP,35.0,1004.0,109.0,144.0,0.8333333333333334,0.8333333333333334,70.0,0.86,3.5553480614894135,6.911747300251674,4.6913478822291435,4.248495242049359,4.969813299576001
2003-08-01,EP,30.0,1005.0,100.0,130.0,0.8333333333333334,0.0,35.0,0.21,3.4011973816621555,6.912742820493176,4.605170185988092,3.5553480614894135,4.867534450455582
2004-08-01,EP,65.0,990.0,89.0,154.0,2.5,3.3333333333333335,75.0,0.64,4.174387269895637,6.897704943128636,4.48863636973214,4.31748811353631,5.0369526024136295
2005-08-01,EP,40.0,1002.0,109.0,149.0,0.8333333333333334,1.6666666666666667,70.0,-0.14,3.6888794541139363,6.90975328164481,4.6913478822291435,4.248495242049359,5.003946305945459
2006-08-01,EP,35.0,1005.0,107.0,142.0,0.0,0.8333333333333334,35.0,0.3,3.5553480614894135,6.912742820493176,4.672828834461906,3.5553480614894135,4.955827057601261
2007-07-01,EP,35.0,1005.0,102.0,137.0,0.8333333333333334,0.8333333333333334,35.0,-0.56,3.5553480614894135,6.912742820493176,4.624972813284271,3.5553480614894135,4.919980925828125
2008-07-01,EP,35.0,1004.0,99.0,134.0,0.8333333333333334,0.0,55.0,-0.37,3.5553480614894135,6.911747300251674,4.59511985013459,4.007333185232471,4.897839799950911
2009-08-01,EP,45.0,1000.0,103.0,148.0,1.6666666666666667,1.6666666666666667,85.0,0.58,3.8066624897703196,6.907755278982137,4.634728988229636,4.442651256490317,4.997212273764115
2012-08-01,EP,40.0,998.0,102.0,142.0,0.8333333333333334,0.8333333333333334,45.0,0.41,3.6888794541139363,6.905753276311464,4.624972813284271,3.8066624897703196,4.955827057601261
2013-08-01,EP,35.0,1006.0,107.0,142.0,0.8333333333333334,0.8333333333333334,45.0,-0.28,3.5553480614894135,6.913737350659685,4.672828834461906,3.8066624897703196,4.955827057601261
2014-07-01,EP,35.0,1005.0,120.0,155.0,0.0,0.8333333333333334,65.0,0.1,3.5553480614894135,6.912742820493176,4.787491742782046,4.174387269895637,5.043425116919247
2015-07-01,EP,30.0,1006.0,97.0,127.0,0.0,0.0,30.0,1.57,3.4011973816621555,6.913737350659685,4.574710978503383,3.4011973816621555,4.844187086458591
2016-07-01,EP,30.0,1006.0,113.0,143.0,0.0,0.8333333333333334,50.0,-0.31,3.4011973816621555,6.913737350659685,4.727387818712341,3.912023005428146,4.962844630259907
2017-07-01,EP,30.0,1007.0,113.0,143.0,0.0,0.8333333333333334,30.0,0.19,3.4011973816621555,6.914730892718563,4.727387818712341,3.4011973816621555,4.962844630259907
2018-07-01,EP,35.0,1006.0,96.0,131.0,0.8333333333333334,0.0,40.0,0.14,3.5553480614894135,6.913737350659685,4.564348191467836,3.6888794541139363,4.875197323201151
2019-08-01,EP,35.0,1006.0,104.0,139.0,0.8333333333333334,0.8333333333333334,35.0,0.19,3.5553480614894135,6.913737350659685,4.6443908991413725,3.5553480614894135,4.9344739331306915
2020-07-01,EP,30.0,1008.0,121.0,151.0,0.0,0.0,55.0,-0.36,3.4011973816621555,6.915723448631314,4.795790545596741,4.007333185232471,5.017279836814924
2021-07-01,EP,45.0,1002.0,104.0,149.0,0.8333333333333334,0.8333333333333334,75.0,-0.35,3.8066624897703196,6.90975328164481,4.6443908991413725,4.31748811353631,5.003946305945459
2022-07-01,EP,40.0,1002.0,74.0,114.0,0.8333333333333334,0.8333333333333334,45.0,-0.76,3.6888794541139363,6.90975328164481,4.30406509320417,3.8066624897703196,4.736198448394496
1988-08-01,EP,25.0,1010.0,117.0,142.0,0.0,0.0,45.0,-1.11,3.2188758248682006,6.917705609835305,4.762173934797756,3.8066624897703196,4.955827057601261
1989-07-01,EP,35.0,1007.0,114.0,149.0,0.8333333333333334,0.8333333333333334,35.0,-0.31,3.5553480614894135,6.914730892718563,4.736198448394496,3.5553480614894135,5.003946305945459
1990-07-01,EP,25.0,1011.0,124.0,149.0,0.0,0.0,35.0,0.33,3.2188758248682006,6.918695219020472,4.820281565605037,3.5553480614894135,5.003946305945459
1991-08-01,EP,30.0,1009.0,119.0,149.0,0.0,0.8333333333333334,35.0,0.64,3.4011973816621555,6.9167150203536085,4.77912349311153,3.5553480614894135,5.003946305945459
1992-07-01,EP,30.0,1008.0,103.0,133.0,0.0,0.8333333333333334,40.0,0.37,3.4011973816621555,6.915723448631314,4.634728988229636,3.6888794541139363,4.890349128221754
1993-08-01,EP,30.0,1007.0,118.0,148.0,0.8333333333333334,0.0,50.0,0.25,3.4011973816621555,6.914730892718563,4.770684624465665,3.912023005428146,4.997212273764115
1994-08-01,EP,35.0,1005.0,114.0,149.0,0.8333333333333334,0.8333333333333334,55.0,0.43,3.5553480614894135,6.912742820493176,4.736198448394496,4.007333185232471,5.003946305945459
1995-09-01,EP,25.0,1006.0,104.0,129.0,0.0,0.0,35.0,-0.81,3.2188758248682006,6.913737350659685,4.6443908991413725,3.5553480614894135,4.859812404361672
1996-09-01,EP,30.0,1006.0,121.0,151.0,0.0,0.8333333333333334,65.0,-0.35,3.4011973816621555,6.913737350659685,4.795790545596741,4.174387269895637,5.017279836814924
1997-07-01,EP,30.0,1008.0,121.0,151.0,0.8333333333333334,0.0,50.0,1.6,3.4011973816621555,6.915723448631314,4.795790545596741,3.912023005428146,5.017279836814924
1998-08-01,EP,30.0,1006.0,113.0,143.0,0.8333333333333334,0.0,65.0,-1.12,3.4011973816621555,6.913737350659685,4.727387818712341,4.174387269895637,4.962844630259907
2000-08-01,EP,30.0,1005.0,121.0,151.0,0.0,0.0,35.0,-0.51,3.4011973816621555,6.912742820493176,4.795790545596741,3.5553480614894135,5.017279836814924
2001-09-01,EP,30.0,1006.0,115.0,145.0,0.0,0.8333333333333334,45.0,-0.19,3.4011973816621555,6.913737350659685,4.74493212836325,3.8066624897703196,4.976733742420574
2002-08-01,EP,30.0,1007.0,122.0,152.0,0.0,0.0,50.0,0.86,3.4011973816621555,6.914730892718563,4.804021044733257,3.912023005428146,5.0238805208462765
2003-08-01,EP,35.0,1005.0,109.0,144.0,0.0,0.8333333333333334,60.0,0.21,3.5553480614894135,6.912742820493176,4.6913478822291435,4.0943445622221,4.969813299576001
2004-08-01,EP,30.0,1005.0,49.0,79.0,0.8333333333333334,0.0,30.0,0.64,3.4011973816621555,6.912742820493176,3.8918202981106265,3.4011973816621555,4.3694478524670215
2005-08-01,EP,35.0,1004.0,99.0,134.0,0.8333333333333334,0.8333333333333334,45.0,-0.14,3.5553480614894135,6.911747300251674,4.59511985013459,3.8066624897703196,4.897839799950911
2006-08-01,EP,40.0,1000.0,109.0,149.0,0.8333333333333334,0.8333333333333334,65.0,0.3,3.6888794541139363,6.907755278982137,4.6913478822291435,4.174387269895637,5.003946305945459
2007-08-01,EP,45.0,1000.0,92.0,137.0,0.8333333333333334,1.6666666666666667,60.0,-0.81,3.8066624897703196,6.907755278982137,4.5217885770490405,4.0943445622221,4.919980925828125
2008-08-01,EP,35.0,1005.0,95.0,130.0,0.8333333333333334,0.8333333333333334,55.0,-0.23,3.5553480614894135,6.912742820493176,4.553876891600541,4.007333185232471,4.867534450455582
2009-08-01,EP,30.0,1006.0,102.0,132.0,0.0,0.0,30.0,0.58,3.4011973816621555,6.913737350659685,4.624972813284271,3.4011973816621555,4.882801922586371
2010-08-01,EP,30.0,1005.0,128.0,158.0,0.8333333333333334,0.0,50.0,-1.35,3.4011973816621555,6.912742820493176,4.852030263919617,3.912023005428146,5.062595033026967
2011-09-01,EP,40.0,1003.0,117.0,157.0,0.8333333333333334,0.8333333333333334,90.0,-0.79,3.6888794541139363,6.910750787961936,4.762173934797756,4.499809670330265,5.056245805348308
2012-08-01,EP,40.0,1001.0,101.0,141.0,0.8333333333333334,0.8333333333333334,55.0,0.41,3.6888794541139363,6.90875477931522,4.61512051684126,4.007333185232471,4.948759890378168
2013-08-01,EP,35.0,1001.0,119.0,154.0,0.0,0.8333333333333334,40.0,-0.28,3.5553480614894135,6.90875477931522,4.77912349311153,3.6888794541139363,5.0369526024136295
2014-07-01,EP,45.0,1003.0,94.0,139.0,1.6666666666666667,0.8333333333333334,65.0,0.1,3.8066624897703196,6.910750787961936,4.543294782270004,4.174387269895637,4.9344739331306915
2015-07-01,EP,35.0,1004.0,106.0,141.0,0.8333333333333334,0.0,70.0,1.57,3.5553480614894135,6.911747300251674,4.663439094112067,4.248495242049359,4.948759890378168
2016-07-01,EP,30.0,1006.0,86.0,116.0,0.0,0.0,45.0,-0.31,3.4011973816621555,6.913737350659685,4.454347296253507,3.8066624897703196,4.7535901911063645
2017-07-01,EP,30.0,1006.0,107.0,137.0,0.0,0.0,35.0,0.19,3.4011973816621555,6.913737350659685,4.672828834461906,3.5553480614894135,4.919980925828125
2020-08-01,EP,35.0,1006.0,124.0,159.0,0.0,0.8333333333333334,55.0,-0.53,3.5553480614894135,6.913737350659685,4.820281565605037,4.007333185232471,5.0689042022202315
2021-07-01,EP,25.0,1007.0,86.0,111.0,0.0,0.0,35.0,-0.35,3.2188758248682006,6.914730892718563,4.454347296253507,3.5553480614894135,4.709530201312334
2022-08-01,EP,30.0,1006.0,119.0,149.0,0.0,0.0,40.0,-0.87,3.4011973816621555,6.913737350659685,4.77912349311153,3.6888794541139363,5.003946305945459
1988-08-01,EP,30.0,1009.0,105.0,135.0,0.8333333333333334,0.0,35.0,-1.11,3.4011973816621555,6.9167150203536085,4.653960350157523,3.5553480614894135,4.90527477843843
1989-07-01,EP,25.0,1010.0,125.0,150.0,0.0,0.0,60.0,-0.31,3.2188758248682006,6.917705609835305,4.8283137373023015,4.0943445622221,5.0106352940962555
1990-07-01,EP,30.0,1007.0,118.0,148.0,0.0,0.8333333333333334,50.0,0.33,3.4011973816621555,6.914730892718563,4.770684624465665,3.912023005428146,4.997212273764115
1992-07-01,EP,30.0,1006.0,94.0,124.0,0.0,0.8333333333333334,45.0,0.37,3.4011973816621555,6.913737350659685,4.543294782270004,3.8066624897703196,4.820281565605037
1994-08-01,EP,35.0,1006.0,120.0,155.0,0.0,0.8333333333333334,50.0,0.43,3.5553480614894135,6.913737350659685,4.787491742782046,3.912023005428146,5.043425116919247
1995-09-01,EP,40.0,1002.0,91.0,131.0,0.8333333333333334,0.8333333333333334,65.0,-0.81,3.6888794541139363,6.90975328164481,4.51085950651685,4.174387269895637,4.875197323201151
1996-09-01,EP,40.0,1003.0,104.0,144.0,0.8333333333333334,0.8333333333333334,45.0,-0.35,3.6888794541139363,6.910750787961936,4.6443908991413725,3.8066624897703196,4.969813299576001
1997-08-01,EP,30.0,1005.0,104.0,134.0,0.0,0.0,30.0,1.9,3.4011973816621555,6.912742820493176,4.6443908991413725,3.4011973816621555,4.897839799950911
1998-09-01,EP,30.0,1002.0,117.0,147.0,0.0,0.8333333333333334,60.0,-1.31,3.4011973816621555,6.90975328164481,4.762173934797756,4.0943445622221,4.990432586778736
1999-08-01,EP,30.0,1006.0,106.0,136.0,0.0,0.8333333333333334,40.0,-1.11,3.4011973816621555,6.913737350659685,4.663439094112067,3.6888794541139363,4.912654885736052
2000-08-01,EP,25.0,1003.0,113.0,138.0,0.0,0.0,40.0,-0.51,3.2188758248682006,6.910750787961936,4.727387818712341,3.6888794541139363,4.927253685157205
2001-09-01,EP,30.0,1002.0,120.0,150.0,0.0,0.8333333333333334,35.0,-0.19,3.4011973816621555,6.90975328164481,4.787491742782046,3.5553480614894135,5.0106352940962555
2002-08-01,EP,45.0,1000.0,104.0,149.0,1.6666666666666667,0.8333333333333334,100.0,0.86,3.8066624897703196,6.907755278982137,4.6443908991413725,4.605170185988092,5.003946305945459
2003-08-01,EP,40.0,1002.0,97.0,137.0,0.8333333333333334,0.8333333333333334,75.0,0.21,3.6888794541139363,6.90975328164481,4.574710978503383,4.31748811353631,4.919980925828125
2004-08-01,EP,40.0,1002.0,119.0,159.0,0.8333333333333334,0.8333333333333334,55.0,0.64,3.6888794541139363,6.90975328164481,4.77912349311153,4.007333185232471,5.0689042022202315
2005-09-01,EP,30.0,1008.0,110.0,140.0,0.0,0.0,30.0,-0.11,3.4011973816621555,6.915723448631314,4.700480365792417,3.4011973816621555,4.941642422609304
2006-08-01,EP,40.0,1002.0,115.0,155.0,0.8333333333333334,0.8333333333333334,80.0,0.3,3.6888794541139363,6.90975328164481,4.74493212836325,4.382026634673881,5.043425116919247
2007-08-01,EP,35.0,1003.0,78.0,113.0,0.8333333333333334,0.0,40.0,-0.81,3.5553480614894135,6.910750787961936,4.356708826689592,3.6888794541139363,4.727387818712341
2008-08-01,EP,40.0,1002.0,93.0,133.0,0.8333333333333334,0.8333333333333334,45.0,-0.23,3.6888794541139363,6.90975328164481,4.532599493153256,3.8066624897703196,4.890349128221754
2009-08-01,EP,35.0,1004.0,90.0,125.0,0.0,0.8333333333333334,60.0,0.58,3.5553480614894135,6.911747300251674,4.499809670330265,4.0943445622221,4.8283137373023015
2011-10-01,EP,30.0,1006.0,121.0,151.0,0.8333333333333334,0.0,50.0,-0.96,3.4011973816621555,6.913737350659685,4.795790545596741,3.912023005428146,5.017279836814924
2012-09-01,EP,40.0,1000.0,66.0,106.0,0.8333333333333334,0.0,35.0,0.41,3.6888794541139363,6.907755278982137,4.189654742026425,3.5553480614894135,4.663439094112067
2014-08-01,EP,40.0,1004.0,103.0,143.0,0.8333333333333334,0.8333333333333334,50.0,0.11,3.6888794541139363,6.911747300251674,4.634728988229636,3.912023005428146,4.962844630259907
2015-08-01,EP,35.0,1004.0,104.0,139.0,0.0,0.8333333333333334,60.0,1.91,3.5553480614894135,6.911747300251674,4.6443908991413725,4.0943445622221,4.9344739331306915
2016-08-01,EP,40.0,1005.0,82.0,122.0,0.8333333333333334,0.8333333333333334,40.0,-0.5,3.6888794541139363,6.912742820493176,4.406719247264253,3.6888794541139363,4.804021044733257
2017-07-01,EP,30.0,1006.0,95.0,125.0,0.0,0.0,40.0,0.19,3.4011973816621555,6.913737350659685,4.553876891600541,3.6888794541139363,4.8283137373023015
2018-07-01,EP,35.0,1006.0,110.0,145.0,0.0,0.8333333333333334,50.0,0.14,3.5553480614894135,6.913737350659685,4.700480365792417,3.912023005428146,4.976733742420574
2019-08-01,EP,40.0,1004.0,115.0,155.0,0.8333333333333334,0.8333333333333334,60.0,0.19,3.6888794541139363,6.911747300251674,4.74493212836325,4.0943445622221,5.043425116919247
2020-08-01,EP,30.0,1004.0,71.0,101.0,0.0,0.0,30.0,-0.53,3.4011973816621555,6.911747300251674,4.2626798770413155,3.4011973816621555,4.61512051684126
2021-08-01,EP,30.0,1006.0,74.0,104.0,0.0,0.0,35.0,-0.45,3.4011973816621555,6.913737350659685,4.30406509320417,3.5553480614894135,4.6443908991413725
2022-08-01,EP,30.0,1007.0,106.0,136.0,0.0,0.0,30.0,-0.87,3.4011973816621555,6.914730892718563,4.663439094112067,3.4011973816621555,4.912654885736052
1988-08-01,EP,35.0,1008.0,108.0,143.0,0.0,0.8333333333333334,55.0,-1.11,3.5553480614894135,6.915723448631314,4.68213122712422,4.007333185232471,4.962844630259907
1989-08-01,EP,35.0,1005.0,88.0,123.0,0.0,0.8333333333333334,45.0,-0.27,3.5553480614894135,6.912742820493176,4.477336814478207,3.8066624897703196,4.812184355372417
1991-09-01,EP,35.0,1005.0,126.0,161.0,0.8333333333333334,0.8333333333333334,55.0,0.62,3.5553480614894135,6.912742820493176,4.836281906951478,4.007333185232471,5.081404364984463
1992-07-01,EP,30.0,1009.0,105.0,135.0,0.0,0.8333333333333334,30.0,0.37,3.4011973816621555,6.9167150203536085,4.653960350157523,3.4011973816621555,4.90527477843843
1993-08-01,EP,30.0,1008.0,118.0,148.0,0.0,0.0,50.0,0.25,3.4011973816621555,6.915723448631314,4.770684624465665,3.912023005428146,4.997212273764115
1994-08-01,EP,25.0,1007.0,122.0,147.0,0.0,0.0,50.0,0.43,3.2188758248682006,6.914730892718563,4.804021044733257,3.912023005428146,4.990432586778736
1995-09-01,EP,30.0,1006.0,106.0,136.0,0.0,0.0,55.0,-0.81,3.4011973816621555,6.913737350659685,4.663439094112067,4.007333185232471,4.912654885736052
1996-09-01,EP,35.0,1003.0,124.0,159.0,0.0,0.8333333333333334,50.0,-0.35,3.5553480614894135,6.910750787961936,4.820281565605037,3.912023005428146,5.0689042022202315
1997-08-01,EP,35.0,1005.0,48.0,83.0,0.8333333333333334,0.8333333333333334,35.0,1.9,3.5553480614894135,6.912742820493176,3.871201010907891,3.5553480614894135,4.418840607796598
1998-09-01,EP,25.0,1001.0,100.0,125.0,0.0,0.0,35.0,-1.31,3.2188758248682006,6.90875477931522,4.605170185988092,3.5553480614894135,4.8283137373023015
2000-08-01,EP,35.0,1003.0,102.0,137.0,0.8333333333333334,0.0,60.0,-0.51,3.5553480614894135,6.910750787961936,4.624972813284271,4.0943445622221,4.919980925828125
2001-09-01,EP,35.0,997.0,117.0,152.0,0.8333333333333334,0.0,45.0,-0.19,3.5553480614894135,6.904750769961838,4.762173934797756,3.8066624897703196,5.0238805208462765
2002-09-01,EP,30.0,1007.0,115.0,145.0,0.8333333333333334,0.0,30.0,1.01,3.4011973816621555,6.914730892718563,4.74493212836325,3.4011973816621555,4.976733742420574
2003-09-01,EP,30.0,1001.0,124.0,154.0,0.0,0.0,35.0,0.26,3.4011973816621555,6.90875477931522,4.820281565605037,3.5553480614894135,5.0369526024136295
2004-08-01,EP,35.0,1005.0,124.0,159.0,0.8333333333333334,0.8333333333333334,55.0,0.64,3.5553480614894135,6.912742820493176,4.820281565605037,4.007333185232471,5.0689042022202315
2005-09-01,EP,40.0,1002.0,102.0,142.0,0.0,1.6666666666666667,75.0,-0.11,3.6888794541139363,6.90975328164481,4.624972813284271,4.31748811353631,4.955827057601261
2006-08-01,EP,35.0,1004.0,129.0,164.0,0.8333333333333334,0.8333333333333334,75.0,0.3,3.5553480614894135,6.911747300251674,4.859812404361672,4.31748811353631,5.099866427824199
2007-08-01,EP,30.0,1006.0,119.0,149.0,0.8333333333333334,0.0,40.0,-0.81,3.4011973816621555,6.913737350659685,4.77912349311153,3.6888794541139363,5.003946305945459
2008-08-01,EP,40.0,1002.0,105.0,145.0,0.8333333333333334,0.8333333333333334,45.0,-0.23,3.6888794541139363,6.90975328164481,4.653960350157523,3.8066624897703196,4.976733742420574
2009-08-01,EP,35.0,1005.0,101.0,136.0,0.8333333333333334,0.0,50.0,0.58,3.5553480614894135,6.912742820493176,4.61512051684126,3.912023005428146,4.912654885736052
2011-10-01,EP,50.0,999.0,96.0,146.0,0.8333333333333334,2.5,85.0,-0.96,3.912023005428146,6.906754778648554,4.564348191467836,4.442651256490317,4.983606621708336
2012-09-01,EP,40.0,1003.0,103.0,143.0,0.8333333333333334,0.8333333333333334,45.0,0.41,3.6888794541139363,6.910750787961936,4.634728988229636,3.8066624897703196,4.962844630259907
2013-08-01,EP,30.0,1005.0,120.0,150.0,0.8333333333333334,0.0,55.0,-0.28,3.4011973816621555,6.912742820493176,4.787491742782046,4.007333185232471,5.0106352940962555
2014-08-01,EP,35.0,1005.0,124.0,159.0,0.8333333333333334,0.8333333333333334,60.0,0.11,3.5553480614894135,6.912742820493176,4.820281565605037,4.0943445622221,5.0689042022202315
2015-08-01,EP,30.0,1003.0,92.0,122.0,0.0,0.0,30.0,1.91,3.4011973816621555,6.910750787961936,4.5217885770490405,3.4011973816621555,4.804021044733257
2016-08-01,EP,40.0,1000.0,95.0,135.0,0.8333333333333334,0.8333333333333334,55.0,-0.5,3.6888794541139363,6.907755278982137,4.553876891600541,4.007333185232471,4.90527477843843
2018-08-01,EP,30.0,1006.0,135.0,165.0,0.0,0.8333333333333334,50.0,0.27,3.4011973816621555,6.913737350659685,4.90527477843843,3.912023005428146,5.10594547390058
2019-09-01,EP,45.0,1000.0,106.0,151.0,0.8333333333333334,0.8333333333333334,65.0,0.23,3.8066624897703196,6.907755278982137,4.663439094112067,4.174387269895637,5.017279836814924
2021-08-01,EP,40.0,1003.0,108.0,148.0,0.8333333333333334,0.8333333333333334,55.0,-0.45,3.6888794541139363,6.910750787961936,4.68213122712422,4.007333185232471,4.997212273764115
2022-09-01,EP,35.0,1000.0,125.0,160.0,0.0,0.8333333333333334,45.0,-0.97,3.5553480614894135,6.907755278982137,4.8283137373023015,3.8066624897703196,5.075173815233827
1988-09-01,EP,35.0,1005.0,99.0,134.0,0.8333333333333334,0.8333333333333334,55.0,-1.19,3.5553480614894135,6.912742820493176,4.59511985013459,4.007333185232471,4.897839799950911
1989-08-01,EP,25.0,1010.0,108.0,133.0,0.8333333333333334,0.0,40.0,-0.27,3.2188758248682006,6.917705609835305,4.68213122712422,3.6888794541139363,4.890349128221754
1991-09-01,EP,30.0,1008.0,125.0,155.0,0.8333333333333334,0.0,45.0,0.62,3.4011973816621555,6.915723448631314,4.8283137373023015,3.8066624897703196,5.043425116919247
1993-09-01,EP,30.0,1005.0,117.0,147.0,0.8333333333333334,0.0,45.0,0.15,3.4011973816621555,6.912742820493176,4.762173934797756,3.8066624897703196,4.990432586778736
1997-08-01,EP,35.0,1005.0,107.0,142.0,0.8333333333333334,0.8333333333333334,75.0,1.9,3.5553480614894135,6.912742820493176,4.672828834461906,4.31748811353631,4.955827057601261
1999-09-01,EP,45.0,1000.0,89.0,134.0,1.6666666666666667,0.8333333333333334,65.0,-1.16,3.8066624897703196,6.907755278982137,4.48863636973214,4.174387269895637,4.897839799950911
2000-08-01,EP,45.0,1003.0,51.0,96.0,0.8333333333333334,1.6666666666666667,55.0,-0.51,3.8066624897703196,6.910750787961936,3.9318256327243257,4.007333185232471,4.564348191467836
2001-09-01,EP,30.0,1004.0,103.0,133.0,0.0,0.0,55.0,-0.19,3.4011973816621555,6.911747300251674,4.634728988229636,4.007333185232471,4.890349128221754
2002-09-01,EP,30.0,1005.0,101.0,131.0,0.0,0.8333333333333334,45.0,1.01,3.4011973816621555,6.912742820493176,4.61512051684126,3.8066624897703196,4.875197323201151
2003-09-01,EP,30.0,1005.0,117.0,147.0,0.8333333333333334,0.0,55.0,0.26,3.4011973816621555,6.912742820493176,4.762173934797756,4.007333185232471,4.990432586778736
2004-09-01,EP,35.0,1004.0,116.0,151.0,0.0,0.8333333333333334,35.0,0.7,3.5553480614894135,6.911747300251674,4.7535901911063645,3.5553480614894135,5.017279836814924
2005-09-01,EP,35.0,1005.0,109.0,144.0,1.6666666666666667,0.0,35.0,-0.11,3.5553480614894135,6.912742820493176,4.6913478822291435,3.5553480614894135,4.969813299576001
2006-08-01,EP,50.0,1000.0,98.0,148.0,0.8333333333333334,2.5,70.0,0.3,3.912023005428146,6.907755278982137,4.584967478670572,4.248495242049359,4.997212273764115
2007-09-01,EP,30.0,1005.0,111.0,141.0,0.0,0.8333333333333334,60.0,-1.07,3.4011973816621555,6.912742820493176,4.709530201312334,4.0943445622221,4.948759890378168
2009-08-01,EP,40.0,1002.0,93.0,133.0,0.8333333333333334,0.8333333333333334,45.0,0.58,3.6888794541139363,6.90975328164481,4.532599493153256,3.8066624897703196,4.890349128221754
2010-09-01,EP,35.0,1000.0,95.0,130.0,0.8333333333333334,0.0,35.0,-1.56,3.5553480614894135,6.907755278982137,4.553876891600541,3.5553480614894135,4.867534450455582
2012-09-01,EP,40.0,1002.0,107.0,147.0,0.8333333333333334,0.8333333333333334,60.0,0.41,3.6888794541139363,6.90975328164481,4.672828834461906,4.0943445622221,4.990432586778736
2013-09-01,EP,35.0,1004.0,122.0,157.0,0.8333333333333334,0.0,45.0,-0.21,3.5553480614894135,6.911747300251674,4.804021044733257,3.8066624897703196,5.056245805348308
2014-08-01,EP,30.0,1005.0,122.0,152.0,0.8333333333333334,0.0,40.0,0.11,3.4011973816621555,6.912742820493176,4.804021044733257,3.6888794541139363,5.0238805208462765
2015-08-01,EP,30.0,1005.0,114.0,144.0,0.0,0.0,50.0,1.91,3.4011973816621555,6.912742820493176,4.736198448394496,3.912023005428146,4.969813299576001
2016-08-01,EP,30.0,1005.0,117.0,147.0,0.0,0.0,40.0,-0.5,3.4011973816621555,6.912742820493176,4.762173934797756,3.6888794541139363,4.990432586778736
2017-08-01,EP,35.0,1003.0,115.0,150.0,0.8333333333333334,0.0,35.0,-0.07,3.5553480614894135,6.910750787961936,4.74493212836325,3.5553480614894135,5.0106352940962555
2018-08-01,EP,35.0,1004.0,125.0,160.0,0.0,0.8333333333333334,70.0,0.27,3.5553480614894135,6.911747300251674,4.8283137373023015,4.248495242049359,5.075173815233827
2019-09-01,EP,25.0,1009.0,120.0,145.0,0.0,0.0,35.0,0.23,3.2188758248682006,6.9167150203536085,4.787491742782046,3.5553480614894135,4.976733742420574
2020-08-01,EP,45.0,1001.0,118.0,163.0,0.8333333333333334,1.6666666666666667,85.0,-0.53,3.8066624897703196,6.90875477931522,4.770684624465665,4.442651256490317,5.093750200806762
2021-08-01,EP,40.0,1004.0,116.0,156.0,0.8333333333333334,0.8333333333333334,55.0,-0.45,3.6888794541139363,6.911747300251674,4.7535901911063645,4.007333185232471,5.049856007249537
2022-09-01,EP,35.0,1002.0,120.0,155.0,0.8333333333333334,0.0,70.0,-0.97,3.5553480614894135,6.90975328164481,4.787491742782046,4.248495242049359,5.043425116919247
1988-10-01,EP,55.0,994.0,93.0,148.0,0.8333333333333334,0.8333333333333334,60.0,-1.48,4.007333185232471,6.901737206656574,4.532599493153256,4.0943445622221,4.997212273764115
1989-08-01,EP,30.0,1008.0,102.0,132.0,0.8333333333333334,0.0,55.0,-0.27,3.4011973816621555,6.915723448631314,4.624972813284271,4.007333185232471,4.882801922586371
1990-08-01,EP,25.0,1011.0,112.0,137.0,0.0,0.0,40.0,0.38,3.2188758248682006,6.918695219020472,4.718498871295094,3.6888794541139363,4.919980925828125
1991-09-01,EP,30.0,1006.0,133.0,163.0,0.8333333333333334,0.0,60.0,0.62,3.4011973816621555,6.913737350659685,4.890349128221754,4.0943445622221,5.093750200806762
1992-08-01,EP,30.0,1008.0,95.0,125.0,0.8333333333333334,0.0,45.0,0.09,3.4011973816621555,6.915723448631314,4.553876891600541,3.8066624897703196,4.8283137373023015
1993-09-01,EP,40.0,1003.0,102.0,142.0,0.8333333333333334,1.6666666666666667,55.0,0.15,3.6888794541139363,6.910750787961936,4.624972813284271,4.007333185232471,4.955827057601261
1994-08-01,EP,25.0,1010.0,113.0,138.0,0.0,0.0,35.0,0.43,3.2188758248682006,6.917705609835305,4.727387818712341,3.5553480614894135,4.927253685157205
1997-09-01,EP,35.0,1004.0,113.0,148.0,0.0,0.8333333333333334,50.0,2.14,3.5553480614894135,6.911747300251674,4.727387818712341,3.912023005428146,4.997212273764115
1998-10-01,EP,55.0,995.0,41.0,96.0,1.6666666666666667,2.5,65.0,-1.35,4.007333185232471,6.902742737158593,3.713572066704308,4.174387269895637,4.564348191467836
1999-09-01,EP,25.0,1005.0,114.0,139.0,0.0,0.0,40.0,-1.16,3.2188758248682006,6.912742820493176,4.736198448394496,3.6888794541139363,4.9344739331306915
2000-08-01,EP,30.0,1008.0,103.0,133.0,0.0,0.8333333333333334,30.0,-0.51,3.4011973816621555,6.915723448631314,4.634728988229636,3.4011973816621555,4.890349128221754
2001-10-01,EP,35.0,1004.0,115.0,150.0,0.0,0.8333333333333334,50.0,-0.29,3.5553480614894135,6.911747300251674,4.74493212836325,3.912023005428146,5.0106352940962555
2002-09-01,EP,35.0,1003.0,132.0,167.0,0.8333333333333334,0.8333333333333334,40.0,1.01,3.5553480614894135,6.910750787961936,4.882801922586371,3.6888794541139363,5.117993812416755
2003-09-01,EP,35.0,1000.0,112.0,147.0,0.8333333333333334,0.8333333333333334,45.0,0.26,3.5553480614894135,6.907755278982137,4.718498871295094,3.8066624897703196,4.990432586778736
2004-09-01,EP,30.0,1003.0,126.0,156.0,0.0,0.0,55.0,0.7,3.4011973816621555,6.910750787961936,4.836281906951478,4.007333185232471,5.049856007249537
2005-09-01,EP,35.0,1005.0,101.0,136.0,0.8333333333333334,0.0,65.0,-0.11,3.5553480614894135,6.912742820493176,4.61512051684126,4.174387269895637,4.912654885736052
2006-09-01,EP,35.0,1000.0,109.0,144.0,0.0,0.8333333333333334,55.0,0.54,3.5553480614894135,6.907755278982137,4.6913478822291435,4.007333185232471,4.969813299576001
2007-09-01,EP,30.0,1007.0,56.0,86.0,0.8333333333333334,0.0,30.0,-1.07,3.4011973816621555,6.914730892718563,4.02535169073515,3.4011973816621555,4.454347296253507
2008-09-01,EP,35.0,1002.0,92.0,127.0,0.8333333333333334,0.8333333333333334,45.0,-0.24,3.5553480614894135,6.90975328164481,4.5217885770490405,3.8066624897703196,4.844187086458591
2009-08-01,EP,45.0,1000.0,110.0,155.0,0.8333333333333334,1.6666666666666667,105.0,0.58,3.8066624897703196,6.907755278982137,4.700480365792417,4.653960350157523,5.043425116919247
2011-11-01,EP,30.0,1005.0,112.0,142.0,0.0,0.0,55.0,-1.02,3.4011973816621555,6.912742820493176,4.718498871295094,4.007333185232471,4.955827057601261
2012-09-01,EP,35.0,1003.0,124.0,159.0,0.0,0.8333333333333334,55.0,0.41,3.5553480614894135,6.910750787961936,4.820281565605037,4.007333185232471,5.0689042022202315
2013-09-01,EP,40.0,997.0,103.0,143.0,0.8333333333333334,0.8333333333333334,55.0,-0.21,3.6888794541139363,6.904750769961838,4.634728988229636,4.007333185232471,4.962844630259907
2014-08-01,EP,45.0,1002.0,124.0,169.0,0.8333333333333334,1.6666666666666667,75.0,0.11,3.8066624897703196,6.90975328164481,4.820281565605037,4.31748811353631,5.1298987149230735
2015-08-01,EP,30.0,1006.0,120.0,150.0,0.0,0.8333333333333334,60.0,1.91,3.4011973816621555,6.913737350659685,4.787491742782046,4.0943445622221,5.0106352940962555
2016-08-01,EP,30.0,1006.0,119.0,149.0,0.0,0.8333333333333334,50.0,-0.5,3.4011973816621555,6.913737350659685,4.77912349311153,3.912023005428146,5.003946305945459
2017-08-01,EP,30.0,1006.0,107.0,137.0,0.0,0.0,50.0,-0.07,3.4011973816621555,6.913737350659685,4.672828834461906,3.912023005428146,4.919980925828125
2018-08-01,EP,45.0,1000.0,89.0,134.0,0.8333333333333334,1.6666666666666667,45.0,0.27,3.8066624897703196,6.907755278982137,4.48863636973214,3.8066624897703196,4.897839799950911
2019-09-01,EP,35.0,1004.0,113.0,148.0,0.8333333333333334,0.8333333333333334,35.0,0.23,3.5553480614894135,6.911747300251674,4.727387818712341,3.5553480614894135,4.997212273764115
2020-08-01,EP,35.0,1004.0,115.0,150.0,0.0,0.0,40.0,-0.53,3.5553480614894135,6.911747300251674,4.74493212836325,3.6888794541139363,5.0106352940962555
2022-09-01,EP,35.0,1005.0,134.0,169.0,0.0,0.8333333333333334,35.0,-0.97,3.5553480614894135,6.912742820493176,4.897839799950911,3.5553480614894135,5.1298987149230735
1989-08-01,EP,45.0,997.0,95.0,140.0,0.8333333333333334,1.6666666666666667,105.0,-0.27,3.8066624897703196,6.904750769961838,4.553876891600541,4.653960350157523,4.941642422609304
1990-08-01,EP,35.0,1005.0,109.0,144.0,0.0,0.8333333333333334,50.0,0.38,3.5553480614894135,6.912742820493176,4.6913478822291435,3.912023005428146,4.969813299576001
1991-10-01,EP,35.0,1005.0,113.0,148.0,0.0,0.8333333333333334,70.0,0.79,3.5553480614894135,6.912742820493176,4.727387818712341,4.248495242049359,4.997212273764115
1992-08-01,EP,30.0,1008.0,103.0,133.0,0.8333333333333334,0.0,40.0,0.09,3.4011973816621555,6.915723448631314,4.634728988229636,3.6888794541139363,4.890349128221754
1994-09-01,EP,35.0,1006.0,115.0,150.0,0.0,0.8333333333333334,55.0,0.55,3.5553480614894135,6.913737350659685,4.74493212836325,4.007333185232471,5.0106352940962555
1997-09-01,EP,35.0,1005.0,114.0,149.0,0.8333333333333334,0.8333333333333334,65.0,2.14,3.5553480614894135,6.912742820493176,4.736198448394496,4.174387269895637,5.003946305945459
1998-10-01,EP,30.0,1005.0,126.0,156.0,0.0,0.0,50.0,-1.35,3.4011973816621555,6.912742820493176,4.836281906951478,3.912023005428146,5.049856007249537
1999-10-01,EP,40.0,1000.0,95.0,135.0,0.8333333333333334,0.8333333333333334,50.0,-1.26,3.6888794541139363,6.907755278982137,4.553876891600541,3.912023005428146,4.90527477843843
2000-09-01,EP,35.0,1004.0,123.0,158.0,0.8333333333333334,0.8333333333333334,50.0,-0.55,3.5553480614894135,6.911747300251674,4.812184355372417,3.912023005428146,5.062595033026967
2002-10-01,EP,35.0,1003.0,120.0,155.0,0.8333333333333334,0.0,60.0,1.21,3.5553480614894135,6.910750787961936,4.787491742782046,4.0943445622221,5.043425116919247
2003-10-01,EP,35.0,1005.0,100.0,135.0,0.8333333333333334,0.8333333333333334,55.0,0.29,3.5553480614894135,6.912742820493176,4.605170185988092,4.007333185232471,4.90527477843843
2004-10-01,EP,35.0,1005.0,114.0,149.0,0.0,0.8333333333333334,40.0,0.67,3.5553480614894135,6.912742820493176,4.736198448394496,3.6888794541139363,5.003946305945459
2005-09-01,EP,35.0,1005.0,104.0,139.0,0.0,0.8333333333333334,45.0,-0.11,3.5553480614894135,6.912742820493176,4.6443908991413725,3.8066624897703196,4.9344739331306915
2006-09-01,EP,35.0,1003.0,110.0,145.0,0.8333333333333334,0.8333333333333334,40.0,0.54,3.5553480614894135,6.910750787961936,4.700480365792417,3.6888794541139363,4.976733742420574
2007-09-01,EP,35.0,1004.0,113.0,148.0,0.0,0.8333333333333334,50.0,-1.07,3.5553480614894135,6.911747300251674,4.727387818712341,3.912023005428146,4.997212273764115
2008-10-01,EP,45.0,1000.0,45.0,90.0,2.5,0.0,45.0,-0.35,3.8066624897703196,6.907755278982137,3.8066624897703196,3.8066624897703196,4.499809670330265
2009-08-01,EP,40.0,1002.0,105.0,145.0,0.8333333333333334,0.8333333333333334,45.0,0.58,3.6888794541139363,6.90975328164481,4.653960350157523,3.8066624897703196,4.976733742420574
2013-10-01,EP,40.0,1003.0,108.0,148.0,0.8333333333333334,0.8333333333333334,55.0,-0.13,3.6888794541139363,6.910750787961936,4.68213122712422,4.007333185232471,4.997212273764115
2014-09-01,EP,40.0,1003.0,108.0,148.0,0.0,0.8333333333333334,65.0,0.28,3.6888794541139363,6.910750787961936,4.68213122712422,4.174387269895637,4.997212273764115
2015-08-01,EP,30.0,1006.0,109.0,139.0,0.0,0.0,35.0,1.91,3.4011973816621555,6.913737350659685,4.6913478822291435,3.5553480614894135,4.9344739331306915
2016-08-01,EP,45.0,1002.0,107.0,152.0,0.8333333333333334,1.6666666666666667,50.0,-0.5,3.8066624897703196,6.90975328164481,4.672828834461906,3.912023005428146,5.0238805208462765
2017-08-01,EP,40.0,996.0,103.0,143.0,0.0,0.8333333333333334,55.0,-0.07,3.6888794541139363,6.903747257584598,4.634728988229636,4.007333185232471,4.962844630259907
2018-08-01,EP,35.0,1006.0,99.0,134.0,0.0,0.8333333333333334,50.0,0.27,3.5553480614894135,6.913737350659685,4.59511985013459,3.912023005428146,4.897839799950911
2019-09-01,EP,35.0,1004.0,124.0,159.0,0.0,0.8333333333333334,60.0,0.23,3.5553480614894135,6.911747300251674,4.820281565605037,4.0943445622221,5.0689042022202315
2020-08-01,EP,35.0,1003.0,127.0,162.0,0.8333333333333334,0.0,45.0,-0.53,3.5553480614894135,6.910750787961936,4.844187086458591,3.8066624897703196,5.087596335232384
2021-08-01,EP,35.0,1004.0,106.0,141.0,0.8333333333333334,0.0,40.0,-0.45,3.5553480614894135,6.911747300251674,4.663439094112067,3.6888794541139363,4.948759890378168
2022-09-01,EP,35.0,1004.0,103.0,138.0,0.0,0.8333333333333334,40.0,-0.97,3.5553480614894135,6.911747300251674,4.634728988229636,3.6888794541139363,4.927253685157205
1989-08-01,EP,25.0,1010.0,125.0,150.0,0.0,0.0,40.0,-0.27,3.2188758248682006,6.917705609835305,4.8283137373023015,3.6888794541139363,5.0106352940962555
1990-08-01,EP,25.0,1011.0,131.0,156.0,0.8333333333333334,0.0,30.0,0.38,3.2188758248682006,6.918695219020472,4.875197323201151,3.4011973816621555,5.049856007249537
1991-10-01,EP,25.0,1009.0,120.0,145.0,0.0,0.0,40.0,0.79,3.2188758248682006,6.9167150203536085,4.787491742782046,3.6888794541139363,4.976733742420574
1992-08-01,EP,35.0,1005.0,96.0,131.0,0.0,0.8333333333333334,45.0,0.09,3.5553480614894135,6.912742820493176,4.564348191467836,3.8066624897703196,4.875197323201151
1993-09-01,EP,35.0,1004.0,114.0,149.0,0.0,0.8333333333333334,35.0,0.15,3.5553480614894135,6.911747300251674,4.736198448394496,3.5553480614894135,5.003946305945459
1994-09-01,EP,30.0,1009.0,109.0,139.0,0.0,0.0,35.0,0.55,3.4011973816621555,6.9167150203536085,4.6913478822291435,3.5553480614894135,4.9344739331306915
1997-09-01,EP,30.0,1006.0,100.0,130.0,0.8333333333333334,0.0,40.0,2.14,3.4011973816621555,6.913737350659685,4.605170185988092,3.6888794541139363,4.867534450455582
1998-10-01,EP,40.0,1003.0,105.0,145.0,0.8333333333333334,1.6666666666666667,60.0,-1.35,3.6888794541139363,6.910750787961936,4.653960350157523,4.0943445622221,4.976733742420574
2000-09-01,EP,30.0,1005.0,115.0,145.0,0.0,0.0,35.0,-0.55,3.4011973816621555,6.912742820493176,4.74493212836325,3.5553480614894135,4.976733742420574
2001-10-01,EP,30.0,1006.0,101.0,131.0,0.0,0.0,45.0,-0.29,3.4011973816621555,6.913737350659685,4.61512051684126,3.8066624897703196,4.875197323201151
2002-10-01,EP,35.0,1004.0,104.0,139.0,0.0,0.8333333333333334,40.0,1.21,3.5553480614894135,6.911747300251674,4.6443908991413725,3.6888794541139363,4.9344739331306915
2003-10-01,EP,50.0,1000.0,105.0,155.0,1.6666666666666667,1.6666666666666667,55.0,0.29,3.912023005428146,6.907755278982137,4.653960350157523,4.007333185232471,5.043425116919247
2004-10-01,EP,30.0,1006.0,131.0,161.0,0.0,0.0,45.0,0.67,3.4011973816621555,6.913737350659685,4.875197323201151,3.8066624897703196,5.081404364984463
2005-09-01,EP,30.0,1005.0,124.0,154.0,0.8333333333333334,0.0,40.0,-0.11,3.4011973816621555,6.912742820493176,4.820281565605037,3.6888794541139363,5.0369526024136295
2006-10-01,EP,35.0,1004.0,100.0,135.0,0.0,0.8333333333333334,45.0,0.77,3.5553480614894135,6.911747300251674,4.605170185988092,3.8066624897703196,4.90527477843843
2007-10-01,EP,30.0,1003.0,127.0,157.0,0.8333333333333334,0.0,35.0,-1.34,3.4011973816621555,6.910750787961936,4.844187086458591,3.5553480614894135,5.056245805348308
2008-10-01,EP,30.0,1006.0,132.0,162.0,0.0,0.0,50.0,-0.35,3.4011973816621555,6.913737350659685,4.882801922586371,3.912023005428146,5.087596335232384
2009-09-01,EP,40.0,1002.0,81.0,121.0,0.8333333333333334,0.8333333333333334,50.0,0.71,3.6888794541139363,6.90975328164481,4.394449154672439,3.912023005428146,4.795790545596741
2012-10-01,EP,45.0,1000.0,112.0,157.0,0.8333333333333334,1.6666666666666667,50.0,0.31,3.8066624897703196,6.907755278982137,4.718498871295094,3.912023005428146,5.056245805348308
2013-10-01,EP,40.0,1000.0,102.0,142.0,0.8333333333333334,0.8333333333333334,55.0,-0.13,3.6888794541139363,6.907755278982137,4.624972813284271,4.007333185232471,4.955827057601261
2014-09-01,EP,40.0,1002.0,123.0,163.0,0.8333333333333334,0.8333333333333334,45.0,0.28,3.6888794541139363,6.90975328164481,4.812184355372417,3.8066624897703196,5.093750200806762
2015-09-01,EP,35.0,999.0,119.0,154.0,0.8333333333333334,0.8333333333333334,75.0,2.21,3.5553480614894135,6.906754778648554,4.77912349311153,4.31748811353631,5.0369526024136295
2016-09-01,EP,40.0,1000.0,118.0,158.0,0.8333333333333334,0.8333333333333334,75.0,-0.58,3.6888794541139363,6.907755278982137,4.770684624465665,4.31748811353631,5.062595033026967
2017-09-01,EP,25.0,1006.0,118.0,143.0,0.0,0.0,30.0,-0.34,3.2188758248682006,6.913737350659685,4.770684624465665,3.4011973816621555,4.962844630259907
2018-08-01,EP,40.0,1004.0,95.0,135.0,0.8333333333333334,0.8333333333333334,55.0,0.27,3.6888794541139363,6.911747300251674,4.553876891600541,4.007333185232471,4.90527477843843
2019-09-01,EP,40.0,1002.0,131.0,171.0,0.8333333333333334,0.0,60.0,0.23,3.6888794541139363,6.90975328164481,4.875197323201151,4.0943445622221,5.14166355650266
2020-09-01,EP,35.0,1005.0,133.0,168.0,0.0,0.0,40.0,-0.85,3.5553480614894135,6.912742820493176,4.890349128221754,3.6888794541139363,5.123963979403259
2021-09-01,EP,30.0,1006.0,120.0,150.0,0.0,0.0,55.0,-0.63,3.4011973816621555,6.913737350659685,4.787491742782046,4.007333185232471,5.0106352940962555
2022-09-01,EP,40.0,1003.0,95.0,135.0,0.8333333333333334,0.8333333333333334,55.0,-0.97,3.6888794541139363,6.910750787961936,4.553876891600541,4.007333185232471,4.90527477843843
1989-08-01,EP,30.0,1007.0,123.0,153.0,0.8333333333333334,0.0,35.0,-0.27,3.4011973816621555,6.914730892718563,4.812184355372417,3.5553480614894135,5.030437921392435
1990-09-01,EP,30.0,1009.0,116.0,146.0,0.0,0.8333333333333334,55.0,0.39,3.4011973816621555,6.9167150203536085,4.7535901911063645,4.007333185232471,4.983606621708336
1991-11-01,EP,35.0,1000.0,116.0,151.0,0.0,0.8333333333333334,50.0,1.21,3.5553480614894135,6.907755278982137,4.7535901911063645,3.912023005428146,5.017279836814924
1992-08-01,EP,30.0,1009.0,107.0,137.0,0.8333333333333334,0.0,35.0,0.09,3.4011973816621555,6.9167150203536085,4.672828834461906,3.5553480614894135,4.919980925828125
1993-10-01,EP,30.0,1003.0,107.0,137.0,0.8333333333333334,0.0,45.0,0.1,3.4011973816621555,6.910750787961936,4.672828834461906,3.8066624897703196,4.919980925828125
1994-09-01,EP,30.0,1007.0,106.0,136.0,0.0,0.8333333333333334,35.0,0.55,3.4011973816621555,6.914730892718563,4.663439094112067,3.5553480614894135,4.912654885736052
1997-09-01,EP,35.0,1001.0,116.0,151.0,0.8333333333333334,0.8333333333333334,55.0,2.14,3.5553480614894135,6.90875477931522,4.7535901911063645,4.007333185232471,5.017279836814924
2000-09-01,EP,40.0,1005.0,119.0,159.0,0.8333333333333334,1.6666666666666667,45.0,-0.55,3.6888794541139363,6.912742820493176,4.77912349311153,3.8066624897703196,5.0689042022202315
2001-10-01,EP,40.0,1002.0,100.0,140.0,0.8333333333333334,0.8333333333333334,75.0,-0.29,3.6888794541139363,6.90975328164481,4.605170185988092,4.31748811353631,4.941642422609304
2002-11-01,EP,30.0,1007.0,99.0,129.0,0.8333333333333334,0.0,30.0,1.31,3.4011973816621555,6.914730892718563,4.59511985013459,3.4011973816621555,4.859812404361672
2003-10-01,EP,45.0,1000.0,94.0,139.0,0.8333333333333334,1.6666666666666667,70.0,0.29,3.8066624897703196,6.907755278982137,4.543294782270004,4.248495242049359,4.9344739331306915
2004-10-01,EP,30.0,1005.0,133.0,163.0,0.8333333333333334,0.0,30.0,0.67,3.4011973816621555,6.912742820493176,4.890349128221754,3.4011973816621555,5.093750200806762
2005-10-01,EP,30.0,1007.0,122.0,152.0,0.0,0.0,30.0,-0.29,3.4011973816621555,6.914730892718563,4.804021044733257,3.4011973816621555,5.0238805208462765
2006-10-01,EP,35.0,1003.0,97.0,132.0,0.0,0.8333333333333334,40.0,0.77,3.5553480614894135,6.910750787961936,4.574710978503383,3.6888794541139363,4.882801922586371
2008-10-01,EP,30.0,1006.0,117.0,147.0,0.8333333333333334,0.0,45.0,-0.35,3.4011973816621555,6.913737350659685,4.762173934797756,3.8066624897703196,4.990432586778736
2009-09-01,EP,35.0,1003.0,112.0,147.0,0.8333333333333334,0.8333333333333334,40.0,0.71,3.5553480614894135,6.910750787961936,4.718498871295094,3.6888794541139363,4.990432586778736
2012-10-01,EP,40.0,1003.0,122.0,162.0,0.8333333333333334,0.8333333333333334,60.0,0.31,3.6888794541139363,6.910750787961936,4.804021044733257,4.0943445622221,5.087596335232384
2013-10-01,EP,40.0,1001.0,118.0,158.0,0.8333333333333334,0.8333333333333334,40.0,-0.13,3.6888794541139363,6.90875477931522,4.770684624465665,3.6888794541139363,5.062595033026967
2014-09-01,EP,30.0,1006.0,68.0,98.0,0.0,0.0,30.0,0.28,3.4011973816621555,6.913737350659685,4.219507705176107,3.4011973816621555,4.584967478670572
2016-09-01,EP,40.0,1005.0,110.0,150.0,0.8333333333333334,0.8333333333333334,80.0,-0.58,3.6888794541139363,6.912742820493176,4.700480365792417,4.382026634673881,5.0106352940962555
2017-09-01,EP,45.0,1002.0,113.0,158.0,0.8333333333333334,1.6666666666666667,80.0,-0.34,3.8066624897703196,6.90975328164481,4.727387818712341,4.382026634673881,5.062595033026967
2018-08-01,EP,45.0,1000.0,112.0,157.0,0.8333333333333334,1.6666666666666667,75.0,0.27,3.8066624897703196,6.907755278982137,4.718498871295094,4.31748811353631,5.056245805348308
2019-09-01,EP,40.0,998.0,120.0,160.0,0.8333333333333334,0.0,40.0,0.23,3.6888794541139363,6.905753276311464,4.787491742782046,3.6888794541139363,5.075173815233827
2020-09-01,EP,35.0,1003.0,100.0,135.0,0.0,0.8333333333333334,40.0,-0.85,3.5553480614894135,6.910750787961936,4.605170185988092,3.6888794541139363,4.90527477843843
2021-10-01,EP,40.0,1004.0,124.0,164.0,0.8333333333333334,0.8333333333333334,55.0,-0.76,3.6888794541139363,6.911747300251674,4.820281565605037,4.007333185232471,5.099866427824199
2022-09-01,EP,40.0,1004.0,104.0,144.0,0.8333333333333334,0.8333333333333334,50.0,-0.97,3.6888794541139363,6.911747300251674,4.6443908991413725,3.912023005428146,4.969813299576001
1989-09-01,EP,25.0,1010.0,130.0,155.0,0.0,0.0,35.0,-0.24,3.2188758248682006,6.917705609835305,4.867534450455582,3.5553480614894135,5.043425116919247
1990-09-01,EP,30.0,1008.0,121.0,151.0,0.8333333333333334,0.0,45.0,0.39,3.4011973816621555,6.915723448631314,4.795790545596741,3.8066624897703196,5.017279836814924
1992-09-01,EP,40.0,1002.0,102.0,142.0,0.8333333333333334,0.8333333333333334,85.0,-0.13,3.6888794541139363,6.90975328164481,4.624972813284271,4.442651256490317,4.955827057601261
1994-09-01,EP,35.0,1005.0,112.0,147.0,0.8333333333333334,0.8333333333333334,55.0,0.55,3.5553480614894135,6.912742820493176,4.718498871295094,4.007333185232471,4.990432586778736
1997-09-01,EP,45.0,1000.0,113.0,158.0,1.6666666666666667,0.8333333333333334,60.0,2.14,3.8066624897703196,6.907755278982137,4.727387818712341,4.0943445622221,5.062595033026967
2000-10-01,EP,35.0,1005.0,103.0,138.0,0.8333333333333334,0.8333333333333334,55.0,-0.63,3.5553480614894135,6.912742820493176,4.634728988229636,4.007333185232471,4.927253685157205
2001-10-01,EP,35.0,1004.0,104.0,139.0,0.8333333333333334,0.0,55.0,-0.29,3.5553480614894135,6.911747300251674,4.6443908991413725,4.007333185232471,4.9344739331306915
2006-10-01,EP,45.0,1000.0,114.0,159.0,0.8333333333333334,1.6666666666666667,55.0,0.77,3.8066624897703196,6.907755278982137,4.736198448394496,4.007333185232471,5.0689042022202315
2009-09-01,EP,40.0,1003.0,103.0,143.0,0.8333333333333334,0.8333333333333334,50.0,0.71,3.6888794541139363,6.910750787961936,4.634728988229636,3.912023005428146,4.962844630259907
2012-10-01,EP,40.0,1003.0,94.0,134.0,0.8333333333333334,0.8333333333333334,45.0,0.31,3.6888794541139363,6.910750787961936,4.543294782270004,3.8066624897703196,4.897839799950911
2013-10-01,EP,45.0,1000.0,117.0,162.0,0.8333333333333334,1.6666666666666667,105.0,-0.13,3.8066624897703196,6.907755278982137,4.762173934797756,4.653960350157523,5.087596335232384
2014-09-01,EP,40.0,1005.0,117.0,157.0,0.8333333333333334,0.0,50.0,0.28,3.6888794541139363,6.912742820493176,4.762173934797756,3.912023005428146,5.056245805348308
2015-09-01,EP,45.0,1000.0,121.0,166.0,1.6666666666666667,0.8333333333333334,60.0,2.21,3.8066624897703196,6.907755278982137,4.795790545596741,4.0943445622221,5.111987788356544
2016-09-01,EP,40.0,1002.0,100.0,140.0,0.8333333333333334,0.8333333333333334,75.0,-0.58,3.6888794541139363,6.90975328164481,4.605170185988092,4.31748811353631,4.941642422609304
2017-09-01,EP,40.0,1003.0,109.0,149.0,0.8333333333333334,0.8333333333333334,60.0,-0.34,3.6888794541139363,6.910750787961936,4.6913478822291435,4.0943445622221,5.003946305945459
2018-09-01,EP,30.0,1007.0,130.0,160.0,0.0,0.0,40.0,0.53,3.4011973816621555,6.914730892718563,4.867534450455582,3.6888794541139363,5.075173815233827
2020-09-01,EP,25.0,1006.0,113.0,138.0,0.0,0.0,40.0,-0.85,3.2188758248682006,6.913737350659685,4.727387818712341,3.6888794541139363,4.927253685157205
2021-10-01,EP,45.0,1001.0,121.0,166.0,0.8333333333333334,1.6666666666666667,80.0,-0.76,3.8066624897703196,6.90875477931522,4.795790545596741,4.382026634673881,5.111987788356544
2022-10-01,EP,35.0,1006.0,120.0,155.0,0.0,0.8333333333333334,40.0,-0.94,3.5553480614894135,6.913737350659685,4.787491742782046,3.6888794541139363,5.043425116919247
1989-09-01,EP,25.0,1009.0,114.0,139.0,0.0,0.0,35.0,-0.24,3.2188758248682006,6.9167150203536085,4.736198448394496,3.5553480614894135,4.9344739331306915
1992-09-01,EP,25.0,1010.0,126.0,151.0,0.0,0.0,30.0,-0.13,3.2188758248682006,6.917705609835305,4.836281906951478,3.4011973816621555,5.017279836814924
1994-09-01,EP,30.0,1007.0,116.0,146.0,0.0,0.8333333333333334,35.0,0.55,3.4011973816621555,6.914730892718563,4.7535901911063645,3.5553480614894135,4.983606621708336
1997-10-01,EP,30.0,1008.0,103.0,133.0,0.0,0.8333333333333334,70.0,2.33,3.4011973816621555,6.915723448631314,4.634728988229636,4.248495242049359,4.890349128221754
2000-10-01,EP,30.0,1007.0,106.0,136.0,0.8333333333333334,0.0,40.0,-0.63,3.4011973816621555,6.914730892718563,4.663439094112067,3.6888794541139363,4.912654885736052
2008-11-01,EP,35.0,1005.0,102.0,137.0,0.8333333333333334,0.8333333333333334,40.0,-0.55,3.5553480614894135,6.912742820493176,4.624972813284271,3.6888794541139363,4.919980925828125
2009-10-01,EP,40.0,997.0,54.0,94.0,0.8333333333333334,0.8333333333333334,40.0,1.01,3.6888794541139363,6.904750769961838,3.9889840465642745,3.6888794541139363,4.543294782270004
2013-11-01,EP,30.0,1006.0,117.0,147.0,0.0,0.0,30.0,-0.1,3.4011973816621555,6.913737350659685,4.762173934797756,3.4011973816621555,4.990432586778736
2014-09-01,EP,30.0,1006.0,115.0,145.0,0.0,0.0,40.0,0.28,3.4011973816621555,6.913737350659685,4.74493212836325,3.6888794541139363,4.976733742420574
2015-10-01,EP,35.0,1006.0,121.0,156.0,0.0,0.8333333333333334,45.0,2.47,3.5553480614894135,6.913737350659685,4.795790545596741,3.8066624897703196,5.049856007249537
2016-09-01,EP,35.0,1005.0,78.0,113.0,0.0,0.8333333333333334,45.0,-0.58,3.5553480614894135,6.912742820493176,4.356708826689592,3.8066624897703196,4.727387818712341
2017-09-01,EP,35.0,1003.0,118.0,153.0,0.8333333333333334,0.0,45.0,-0.34,3.5553480614894135,6.910750787961936,4.770684624465665,3.8066624897703196,5.030437921392435
2018-09-01,EP,30.0,1006.0,106.0,136.0,0.0,0.0,40.0,0.53,3.4011973816621555,6.913737350659685,4.663439094112067,3.6888794541139363,4.912654885736052
2019-10-01,EP,35.0,1007.0,91.0,126.0,0.8333333333333334,0.8333333333333334,40.0,0.39,3.5553480614894135,6.914730892718563,4.51085950651685,3.6888794541139363,4.836281906951478
2020-09-01,EP,35.0,1004.0,108.0,143.0,0.0,0.8333333333333334,55.0,-0.85,3.5553480614894135,6.911747300251674,4.68213122712422,4.007333185232471,4.962844630259907
2021-11-01,EP,30.0,1007.0,115.0,145.0,0.0,0.0,25.0,-0.91,3.4011973816621555,6.914730892718563,4.74493212836325,3.2188758248682006,4.976733742420574
2022-10-01,EP,35.0,1002.0,125.0,160.0,0.0,0.8333333333333334,55.0,-0.94,3.5553480614894135,6.90975328164481,4.8283137373023015,4.007333185232471,5.075173815233827
1989-09-01,EP,35.0,1003.0,106.0,141.0,0.8333333333333334,0.8333333333333334,55.0,-0.24,3.5553480614894135,6.910750787961936,4.663439094112067,4.007333185232471,4.948759890378168
1990-09-01,EP,30.0,1006.0,108.0,138.0,0.8333333333333334,0.0,55.0,0.39,3.4011973816621555,6.913737350659685,4.68213122712422,4.007333185232471,4.927253685157205
1992-09-01,EP,30.0,1008.0,110.0,140.0,0.0,0.0,50.0,-0.13,3.4011973816621555,6.915723448631314,4.700480365792417,3.912023005428146,4.941642422609304
1994-10-01,EP,30.0,1009.0,119.0,149.0,0.0,0.8333333333333334,30.0,0.74,3.4011973816621555,6.9167150203536085,4.77912349311153,3.4011973816621555,5.003946305945459
1997-11-01,EP,30.0,1008.0,128.0,158.0,0.8333333333333334,0.0,35.0,2.4,3.4011973816621555,6.915723448631314,4.852030263919617,3.5553480614894135,5.062595033026967
2000-11-01,EP,30.0,1002.0,123.0,153.0,0.8333333333333334,0.0,30.0,-0.75,3.4011973816621555,6.90975328164481,4.812184355372417,3.4011973816621555,5.030437921392435
2006-11-01,EP,30.0,1004.0,127.0,157.0,0.0,0.0,35.0,0.94,3.4011973816621555,6.911747300251674,4.844187086458591,3.5553480614894135,5.056245805348308
2009-10-01,EP,40.0,1001.0,117.0,157.0,0.8333333333333334,0.8333333333333334,50.0,1.01,3.6888794541139363,6.90875477931522,4.762173934797756,3.912023005428146,5.056245805348308
2014-10-01,EP,35.0,1002.0,87.0,122.0,0.8333333333333334,0.8333333333333334,45.0,0.54,3.5553480614894135,6.90975328164481,4.465908118654584,3.8066624897703196,4.804021044733257
2015-10-01,EP,30.0,1006.0,113.0,143.0,0.0,0.0,30.0,2.47,3.4011973816621555,6.913737350659685,4.727387818712341,3.4011973816621555,4.962844630259907
2016-09-01,EP,30.0,1005.0,117.0,147.0,0.0,0.0,50.0,-0.58,3.4011973816621555,6.912742820493176,4.762173934797756,3.912023005428146,4.990432586778736
2020-10-01,EP,35.0,1005.0,127.0,162.0,0.0,0.8333333333333334,50.0,-1.12,3.5553480614894135,6.912742820493176,4.844187086458591,3.912023005428146,5.087596335232384
2021-11-01,EP,35.0,1006.0,114.0,149.0,0.8333333333333334,0.0,35.0,-0.91,3.5553480614894135,6.913737350659685,4.736198448394496,3.5553480614894135,5.003946305945459
2022-10-01,EP,35.0,1006.0,140.0,175.0,0.0,0.8333333333333334,55.0,-0.94,3.5553480614894135,6.913737350659685,4.941642422609304,4.007333185232471,5.1647859739235145
1990-09-01,EP,30.0,1009.0,116.0,146.0,0.0,0.8333333333333334,65.0,0.39,3.4011973816621555,6.9167150203536085,4.7535901911063645,4.174387269895637,4.983606621708336
1992-09-01,EP,30.0,1009.0,124.0,154.0,0.8333333333333334,0.0,55.0,-0.13,3.4011973816621555,6.9167150203536085,4.820281565605037,4.007333185232471,5.0369526024136295
2009-10-01,EP,50.0,997.0,117.0,167.0,1.6666666666666667,1.6666666666666667,95.0,1.01,3.912023005428146,6.904750769961838,4.762173934797756,4.553876891600541,5.117993812416755
2014-10-01,EP,40.0,1001.0,122.0,162.0,0.8333333333333334,0.8333333333333334,50.0,0.54,3.6888794541139363,6.90875477931522,4.804021044733257,3.912023005428146,5.087596335232384
2015-10-01,EP,30.0,1006.0,133.0,163.0,0.8333333333333334,0.0,50.0,2.47,3.4011973816621555,6.913737350659685,4.890349128221754,3.912023005428146,5.093750200806762
2016-10-01,EP,40.0,1003.0,132.0,172.0,0.8333333333333334,0.8333333333333334,80.0,-0.64,3.6888794541139363,6.910750787961936,4.882801922586371,4.382026634673881,5.147494476813453
2017-10-01,EP,35.0,1004.0,137.0,172.0,0.8333333333333334,0.0,35.0,-0.6,3.5553480614894135,6.911747300251674,4.919980925828125,3.5553480614894135,5.147494476813453
2018-09-01,EP,45.0,1000.0,103.0,148.0,1.6666666666666667,0.8333333333333334,75.0,0.53,3.8066624897703196,6.907755278982137,4.634728988229636,4.31748811353631,4.997212273764115
2019-11-01,EP,30.0,1007.0,123.0,153.0,0.0,0.8333333333333334,45.0,0.58,3.4011973816621555,6.914730892718563,4.812184355372417,3.8066624897703196,5.030437921392435
2020-11-01,EP,35.0,1005.0,107.0,142.0,0.0,0.0,45.0,-1.2,3.5553480614894135,6.912742820493176,4.672828834461906,3.8066624897703196,4.955827057601261
1989-09-01,EP,25.0,1007.0,139.0,164.0,0.0,0.0,30.0,-0.24,3.2188758248682006,6.914730892718563,4.9344739331306915,3.4011973816621555,5.099866427824199
1990-09-01,EP,25.0,1010.0,133.0,158.0,0.0,0.0,25.0,0.39,3.2188758248682006,6.917705609835305,4.890349128221754,3.2188758248682006,5.062595033026967
1992-09-01,EP,35.0,1005.0,121.0,156.0,0.0,0.8333333333333334,55.0,-0.13,3.5553480614894135,6.912742820493176,4.795790545596741,4.007333185232471,5.049856007249537
2006-11-01,EP,30.0,1007.0,125.0,155.0,0.0,0.8333333333333334,60.0,0.94,3.4011973816621555,6.914730892718563,4.8283137373023015,4.0943445622221,5.043425116919247
2014-10-01,EP,35.0,1005.0,115.0,150.0,0.0,0.8333333333333334,45.0,0.54,3.5553480614894135,6.912742820493176,4.74493212836325,3.8066624897703196,5.0106352940962555
2015-11-01,EP,30.0,1004.0,132.0,162.0,0.0,0.0,35.0,2.64,3.4011973816621555,6.911747300251674,4.882801922586371,3.5553480614894135,5.087596335232384
2018-09-01,EP,40.0,1003.0,107.0,147.0,0.0,0.8333333333333334,55.0,0.53,3.6888794541139363,6.910750787961936,4.672828834461906,4.007333185232471,4.990432586778736
2019-11-01,EP,30.0,1006.0,114.0,144.0,0.0,0.0,30.0,0.58,3.4011973816621555,6.913737350659685,4.736198448394496,3.4011973816621555,4.969813299576001
2020-11-01,EP,35.0,1005.0,116.0,151.0,0.8333333333333334,0.0,40.0,-1.2,3.5553480614894135,6.912742820493176,4.7535901911063645,3.6888794541139363,5.017279836814924
1990-10-01,EP,30.0,1008.0,115.0,145.0,0.8333333333333334,0.0,40.0,0.35,3.4011973816621555,6.915723448631314,4.74493212836325,3.6888794541139363,4.976733742420574
1992-09-01,EP,25.0,1010.0,127.0,152.0,0.0,0.0,45.0,-0.13,3.2188758248682006,6.917705609835305,4.844187086458591,3.8066624897703196,5.0238805208462765
2015-11-01,EP,40.0,1002.0,118.0,158.0,0.8333333333333334,0.8333333333333334,70.0,2.64,3.6888794541139363,6.90975328164481,4.770684624465665,4.248495242049359,5.062595033026967
2016-11-01,EP,35.0,1002.0,132.0,167.0,0.0,0.8333333333333334,55.0,-0.6,3.5553480614894135,6.90975328164481,4.882801922586371,4.007333185232471,5.117993812416755
2018-10-01,EP,30.0,1005.0,137.0,167.0,0.0,0.0,55.0,0.81,3.4011973816621555,6.912742820493176,4.919980925828125,4.007333185232471,5.117993812416755
1990-10-01,EP,25.0,1010.0,137.0,162.0,0.0,0.0,35.0,0.35,3.2188758248682006,6.917705609835305,4.919980925828125,3.5553480614894135,5.087596335232384
1992-10-01,EP,35.0,1005.0,136.0,171.0,0.8333333333333334,0.8333333333333334,95.0,-0.25,3.5553480614894135,6.912742820493176,4.912654885736052,4.553876891600541,5.14166355650266
2018-10-01,EP,35.0,1005.0,122.0,157.0,0.8333333333333334,0.8333333333333334,45.0,0.81,3.5553480614894135,6.912742820493176,4.804021044733257,3.8066624897703196,5.056245805348308
1990-10-01,EP,25.0,1010.0,119.0,144.0,0.0,0.0,40.0,0.35,3.2188758248682006,6.917705609835305,4.77912349311153,3.6888794541139363,4.969813299576001
1992-10-01,EP,30.0,1007.0,118.0,148.0,0.8333333333333334,0.0,50.0,-0.25,3.4011973816621555,6.914730892718563,4.770684624465665,3.912023005428146,4.997212273764115
2018-10-01,EP,35.0,1005.0,136.0,171.0,0.0,0.8333333333333334,85.0,0.81,3.5553480614894135,6.912742820493176,4.912654885736052,4.442651256490317,5.14166355650266
2018-11-01,EP,35.0,1006.0,130.0,165.0,0.0,0.8333333333333334,50.0,0.97,3.5553480614894135,6.913737350659685,4.867534450455582,3.912023005428146,5.10594547390058
1992-10-01,EP,35.0,1005.0,102.0,137.0,0.8333333333333334,0.8333333333333334,50.0,-0.25,3.5553480614894135,6.912742820493176,4.624972813284271,3.912023005428146,4.919980925828125
1992-10-01,EP,35.0,1005.0,105.0,140.0,0.8333333333333334,0.8333333333333334,35.0,-0.25,3.5553480614894135,6.912742820493176,4.653960350157523,3.5553480614894135,4.941642422609304
